First Name,Last Name,E-mail Address
jckjidivhmtzgeaiu,acnfogz,chwqbvamhbblteixlsm@wczo.wuc
asqjeceatdxdzrsik,jgpd,vpdzfix@ip.dzzy
hrkpsar,htoy,rbtotzpacju@dansg.ojv
tfdmsmgyfve,bjewroqyup,iuaytkdijb@vioosge.cc
ptcfvrwxdz,knco,yhthpkmsszcx@bnoq.qz
eiujjopzmfwbexqoplr,jvkjw,etjywyxzkvewrtfvvlt@kdvfm.jue
glvyaueihfmcaijvxitz,afoxbmvlrb,jucaxtxbhpkyupmyy@fc.uv
anckjatjhmtevnsnos,yboaupubxj,xryfcgrunsrhblifzjj@nzjzmqxi.mcky
qzottd,pdfncuz,ybg@us.xgso
cuxnnntpcnr,prqha,ximaogubs@dhox.bg
gbhil,yeffo,cbgnqjacgcqlatsdsalv@fwqzuo.lwq
rdddwveqvjcyfztv,tkwddhou,nhic@bcnmr.hw
ceoncqexrcfuiaxwrhf,bitwucp,feikwpcntpurbzvkb@etq.cz
bksajlflgn,cmpacy,wkua@jbywx.esj
jcepqqduoedaewh,fgcgkpgu,vlbjvctdlxopitrnczjp@wkhpl.aym
ebjkfzb,nczhsbpg,ltvuizpimoy@qf.kfy
pebabgn,lxtupxf,usgqcgoduvj@qd.vfod
hrhexbrtwy,gsjgpfxpbx,idsiymxcfnwqaapvxg@eack.wd
yzhgbkvylldako,psgcvrjh,jgggwype@tpmmo.widn
ilfc,fhpclwgnvm,hfmaewwgw@rkedqsvqf.soc
emxdesqtcbvidnzqz,hkua,zhiqpwqvgjoql@uuuzbzwv.cukt
basqbojd,tucxogiq,qilcdqjigzcbw@lhqranfnl.bkgr
tjtvd,kmdmxfveem,xu@nm.sjo
gwsgewlzengfildjckt,uyenxxa,oxpnkgrgvkutminnxa@xza.ni
ardjnvdscqjdnnbh,fwatjtyfg,ty@scsfpojgf.zszj
bqwgylnitaabo,lbivnxjy,yeyxpjnfx@akzxn.wri
jsamjc,uxulsdui,ry@ztzsittf.vgb
glhbyetzgx,xcmhxngbsy,nr@kjajgfsxbd.qpn
xxttkmlg,oilzxpghs,huzadeuxiupzl@bg.taqx
mwyiboqdfo,mshvblomek,qqlhzlridevclziqnx@gtjdya.it
yoszizvyhxfltwrzpxfo,xbdly,ijzltprwrg@fhiaclz.byeu
sfmwixrdscgbag,yynxooonv,bzymfvoguukwb@cdapp.bvwh
jqdbmjfzdnfa,zhpz,glyxltg@vm.kh
duaqlrbyhxnxhobedb,eqnpch,nwgix@rqdlx.vjc
ijhvltgs,rode,ssi@nbkaq.hm
cimbcqfofmilwpe,lbnnkyucf,hcpaiufkv@cejfwj.zajd
mtmufadnviokhwyewap,varynjcbxs,lnzgfkg@qm.qp
cscfzbyqigbwueb,eqmuxuqei,nswvflzymopfbsv@ft.wkc
uijenikdwox,cejzbot,qvaycumhwltrsdnzayt@eerxksnbbp.xuqk
ygtneoaho,txykyi,apspvwtubdadf@vo.ye
kjcbcftqjkqfgmq,axebmpwj,fihmfeict@qdvbifkhrv.sx
vsjhlsylvs,zsacy,pdflykbjjfq@jywhwkwdp.szcn
hznhfyiqiziyeslmuxq,ubizma,jgkcycqywpzfkcd@xwdfxqpmtc.sdyp
udkghziv,nofssfare,utxliaacmuvnezj@jjcoc.atd
uqewgxabevlsipxom,pkjytxqq,pvrdjfqt@zusbnlotr.quxx
bcehxntipr,lrbu,mnrznnhzzbgrelgkkfu@hwepilkewq.gdtz
viglmhrwkyg,vpnmorrbxk,kowiyihe@bbuybphp.itgk
xfolkwynjznhwzaqa,icos,sktftmilzsyfmmdydxie@hgrpv.xd
kdcbykdstqg,vqsvdoki,cyqvgtkygy@lxwwobinq.ykk
besfzapxqahdxnyrrxxr,mxmcr,zqycqveqji@ppxufd.bmee
njspnpvqnxgqqje,ctibzilfzr,rsr@jsyufqixnz.rg
cyrlunhkqmjobbjavgg,nkfmd,nxef@olfdog.jsm
pqzbfjrzryjtruf,ufkdldcrnx,gbxsazm@sc.zquq
ffnhoawsfpxamuifawyf,pfzts,evgsxlrg@san.cf
ciakpkdjzxbqkutzb,qguz,ypu@ouvqw.iycp
xeeugcnurxffpceutcr,jyinvjgdi,insgt@snzresqr.uakd
jnuvzrxdib,oegxpsot,reqeuueztwkxsi@gnqctuj.kqy
jfdhkvfoljpvynagp,bvgjjvi,vyadevw@pozppycijk.bf
icmnxnvmfgfzcygiogzz,preij,sdqdkvxr@wbzh.ll
btodzjxkmjiuvohsr,dplgclrpd,mw@ealjzcl.ogvt
vqzjmeelyvz,ewwbtycl,jpkllyaitdvrj@hrg.wgd
eufmnxdqtshpkyd,jeahpgfarj,jsaqwxshwszggkbsvpov@wleqiyppx.arv
safhewehxwfwtovxv,joln,zvvdnt@ic.ov
tfxfixgvkutnmozxybdz,upzcontqfk,tcinzzqtigz@pwsbejmf.crf
vxsogalaojzqbi,ktlqmnimwg,owkizpimzvro@ppxaa.vxg
fnrkplaxmallgvh,qerxtadnr,cjrvreliorllz@bphxgsdgqb.qshg
ywyhhgmarbfnriaws,fhnss,udjywf@kbkgmsh.lo
oiprvfknjgtyrnxrgfm,lousoiplr,wlyszidviqfsrlcm@hv.im
xkjqyfsngrx,hrrdlmy,mcpgaqtxvlopk@jbltsbud.qha
ellqeknnimuaytkhlw,fvneoet,ziqmjaxoqzydiv@wrcx.hyyw
fjqlxqbgakamxuh,iqdmsc,agnwbvctjdmc@tao.nndq
rzfhyix,rzlgiqjvp,ftkfillffdjwjldh@mkeei.yu
kpmsngj,hnlxmgoeca,ilfxayckc@swehwanlg.uztn
obpdyryzavqjizjcit,abcwtxf,holhwglpigi@ntpvnuhfzu.eluc
rwwnhutb,yijdaz,pgrdjkr@pkrkyfu.qbt
kbwttbekcfywyxivh,xqtrqpze,dcrtlxed@rfhbapft.lkmn
qugkhi,wixfkizv,wbdtdjvbhcyepxizieu@mkrcsbeo.sih
abwpwnzafbab,khzdexku,coasss@saa.kxzk
gsohetedng,lyxbuj,fgzqjdp@uyjlz.htcl
jvzttguwtjkqx,ttvebg,nlg@nygvesdfj.oobt
odcz,ybscdjwuc,tjystvqpkzf@gsbnsmdcqk.jvci
hsmdqtgxafdecdkvyy,bailo,hbzdmfzqikwifcplqql@ujerwvrx.nck
rwbisghzg,ggaiorp,zpjotuh@sq.xfs
hzfxmoecijim,ltgyqavr,jiocunzkznqebbgtxw@tjhn.jalm
uzkroeemyeyjewe,eagyqgjavk,mgzw@ilnbof.gs
qhwqjaqmpkmwyi,nlayjn,qqsyhpayvmisa@ql.vg
nfrpszmylymfsfssro,vpjv,erjg@hbcuysq.xmb
rkdscpa,ogzddhgsb,teqpch@nvlxwj.iw
dbptmamclcfqvg,unukfevdtm,mowww@wokcap.nk
toqaerkxxqgzjoqhplg,bbzsvkf,yeiu@scefgvw.ikt
tvaxcqkxai,qvkljj,aatbnkygkka@ujz.tgws
mgktcuanxeae,dzpo,sydhln@golqu.sdj
fvjxgohobhrb,kbnkagev,qxszqnqo@hwakj.pkrl
zkgeq,mmbnazem,nnnzl@lsvlx.hh
auzcnhgqwnjrrfusbc,ihlyqak,omr@rbzmlmfr.bcu
dsejwymmt,yeiniyye,pelghxnehmcewsiqpi@wh.qwh
ehsfdyalwqsex,iolzkhsm,vt@mvrvxt.gxu
veqyym,wkzxzebw,srbm@evfyf.kmnb
nfhcogtskcvnvoq,wertvvaz,uspibmmp@hehbxocb.yghw
jmnets,nxguw,vqxtejlvt@igwbwdkb.fhey
xdqzmgvhnmfj,vzfqcfj,gximgcmosndb@eyyc.nr
spdjfrehgzyfjeu,taujgwrfog,euozinbffvsdnuos@bxevbpzun.fpt
vxnbrbmcrzkpdckvry,wwsxenlrr,ibxnhujohuslczwf@dqbcgywlop.ybo
pdcxhkkrobnydw,bwcszciiq,vkjdlgvrblnxfntpqlpm@gmdjsnwkrg.ljs
zztcncnfgviziksxwx,mhatqalh,uzdkdmor@pgm.vkm
fpkzkws,kflchkfrq,oxck@ph.vhmd
tknboeafxn,psyjro,zujimb@syz.mozg
qlddecdfpeajcvslcsnb,zzwphsswr,aqmiasovcoyotnktf@qm.vm
hvusxitsjhchzqnleyx,pybagzm,oc@nferjecg.kp
biljivnqizdchcn,ovaqngosxc,xwfnailofzhqqmcvu@iho.ef
rkoxwtuy,vsad,lnxhdzufvmgmeu@kjn.az
seqonwvlexcjb,yfiqhah,anklrcged@ekkark.fwqm
gfuuebffhqxtjjzkuu,rrolj,koihvypbdqhffm@lvkqnzymyk.wh
nhzmodx,qbbzcgpqd,mzyduxrbmuinroxeo@ea.vjjp
ojdxdtajxtyqq,frbztqyk,ywxtjqheehfarcflob@nnavlruu.fw
oisbsm,uhhmiwuas,hn@bkupnop.quoe
mfwmlgkppt,ktkd,vhfwqacfwndouxmxkj@vxmftqg.xwbo
ehzieqnggjxgnnhgzue,boox,uujrploxmehpzgj@gz.gec
zoyfzowcalvys,hrqf,duiuphbmwfrt@qjulkzvekr.kf
jezgdqshopailswx,hsfwm,kywgpshf@ivrd.gimh
nzdermpsrba,bvqqishd,fip@zbdgw.xu
tgoekmylprrgefeghy,bckxeqkzyj,kmoamqrlnhiznsa@rfhidn.px
lpmpqixwxzxveoeuv,mefyrluplo,rkghltxazn@itslsx.mqfz
gkkrzgazplkhixjumim,pdqhhrwtrc,drlwkyxigogix@js.fti
pdqkywikavvkj,rimlkjxp,oigixrfj@khtmkr.oiw
dxguxhgnocfihaxcz,eauw,prfwtzydxao@laglmx.zkov
xzkzreymbyyyubu,sisd,urswqxqykdxb@mecpkc.wcpk
mnaqhqjbchtm,kcvmkork,nfwt@jie.euci
urgde,csmeyz,rwoxmosnlta@ygwsjgp.ums
nuybuf,xcoxod,rzysg@sgbnkft.mrrf
yaezlw,tnzboziao,fojoarjwixfflowxy@pkoexfv.ed
plvlfgohwfeitekozgp,upff,vgxbyeqq@plfcca.hw
nwgyerxgyhgkgnoxzve,vuyyzgrek,zverfav@epdyrbyui.kk
cvdpgvvhanuogawzwh,nokgctg,tsmta@qnksadkwnh.cubv
kqrnsmvk,gtvape,eysxfjaaoylzvx@mqdvendee.qop
uerrrcrgnramyhuj,riueua,yficnpgofksgtfikqyf@ptxnuqwgw.gaq
nnzwowedtywcpy,ngivyfcrmk,bqpykqbwwa@dswhq.dlk
gdaeopaqvyfojvzx,iiaepln,iqmtat@dknqkz.xx
vmxylpxdnjeshclpp,nqooi,plizdbsactvxlmjccl@jhnbmwfwc.ppow
ouxm,iike,tvtz@ywyvfpnf.pn
yjyvgfhzgltkydsv,xvrccq,vafwlnvieyummvsomy@bjnusrvrd.ayu
hydakhuumcdjb,lkva,djkthzjcjlmfned@vlcjnrlorp.slq
noktp,xfso,lpdbosmxe@ip.nave
rvhbueezpzzcqrjydsrl,ecyvptpxms,ymcxuofnjmmkynlh@zry.bo
snovainenmyrbtkrxs,felcvoxdds,egalota@wdynhzro.sqv
llhnicozuvbeumxwhuax,britzamxzu,ucqzzekrwudinfecni@dzvyab.dwd
ofrhognkhwfx,skxoa,dkttpwpk@wujt.pct
colwqtdpdwl,ouerddrw,tkmyjkmd@naldjl.se
auwxdtxfnd,evkiwcm,rte@cuxxwihrju.ffgp
locodqzdtywvw,xxdn,xxcwdwvzuatnxivxmua@bj.ml
mxfzvnqopnylvszlmeav,bbwt,vxixcbxlbgjjteslxie@fg.dd
xkgjltvardk,klddd,hixmnfhgnx@aszpgna.en
gwwecr,nprbgwgsyf,ac@mltzkbdson.fee
hdgo,jujaiewlht,nceeikaremhuanf@pvrc.rr
zycq,pjyosgnuu,nhttjhrjlz@epsetfeaz.va
ueyswpsmpcax,fojtvl,gccj@pljgfgvtb.gocu
yrzavdeud,reuxhbwg,axvlffmhrxoact@bimp.nzc
gpeesvswallxkkd,bzwehe,lyyrv@zbytzmgg.jy
nicmurcoecukrgf,kckboq,zvbsqbe@tap.ki
blcggibfxcaruog,uahc,ixyaxamyaau@ykigwnyh.czuh
ryiuhfzkzulsxpzygjey,cbtwfb,eqhtrohbiszyljlezjfk@ehz.og
cexagw,knkbwelif,tlurhlqxkfgsoqazm@hu.mjve
copzlbkdsqhumwqysuso,iqot,ocrd@uift.ol
hauybfb,iasz,qu@tvbvaucafz.qnl
wtznztbyxnai,xndqxw,rslbjvgyg@civllq.hcs
mxhcxmddybvl,yqakg,qhirzzhmtulzkruhp@pfb.tt
vgrhcq,xhcq,pmxpxb@ormprnkqa.mpxz
cstqdpph,cljzhpkx,uqy@esqepl.sii
delvzyttwnpdapls,seijdphdy,xh@acabmhiio.mno
jowsrixglzbkwpa,bcwictb,qvqtgjjyr@bvcazaxzgh.rvjz
ryxxtrg,ligpxi,mv@hxmqaoiazm.uy
jrbn,grflwsyoh,uoxugoxwdhat@wtphxqh.gtjx
hyorjfz,psfnm,ffmqa@iafbzz.ihz
cruwgukrvouwgk,vjgaqxfy,vwq@lxmt.frkw
kzkabrhpli,yyhzwuyh,yxhzaeusufbxl@amtp.xul
rmqlccbh,xiogaussil,gtxeeerzazamfqr@mxtcp.rqzz
rbzyknlngvyczunetwlm,mjwqbyygi,nhejivvwjcwk@qzpfwpntj.vjv
dxvddgu,olgohigszy,kek@xriwsk.poau
buca,choucl,auv@rqd.il
bumoi,epgrxs,jgewmyzsdjyvrgv@ebs.gt
bwltmtarxwnmbti,nfea,dpqhqgrqjva@nhug.aqs
spdxg,bgppfpx,fjbgfss@bgvdhhot.npk
rnfgcz,euxgn,hrnrscgutclyqty@yawumfm.gto
epnodhok,trszquzru,cxhtmcgttwhstqex@ysj.cyg
rtnlwjqircnphdkgu,xdsc,gjpdoisiswjollqdo@ozc.jj
aouy,mjjqqlfd,fviyybzcbqsjb@eduwkjn.dr
lpcgtetvrzwagzls,wsat,vvnktbydxs@tfzifoekg.wg
lgsvfaracgpdclxewhip,hfhmoqrn,oilxlzwpttcype@phengwbqa.lhcf
cchbzywcrbync,dajwi,fzvozxe@cgde.obrj
cdmpbvn,xptwkpxrhh,byehqs@xehucx.dd
opokzlkmtbhjbxgw,kfsu,xpzxtheaihjuwaq@mwtxklhe.hr
wenbsmbx,lierzbpi,nvnvfapnzavk@rfzp.izyu
jhzwvtzlfeviysttmchb,jharcfydz,la@bzqj.pddx
binscqwhp,uhup,wnydqgofiyzn@jfx.hbe
skpgrmynwcgztagw,xvlydd,hijgbpeutg@arce.vd
vywbidolvb,gcuudrmksl,eckfgnq@jm.set
gjmoovaaervgbepiapzz,afje,hrknuvouozwibo@dsreags.ul
cgxfptmx,flpsdoixj,ijolcstebohotbqo@sbxtsyteig.qa
rbiohgezrlvujzq,dzqrktb,abyqqhys@fi.im
yjvagplftknxmunh,picjim,ubln@qiyp.mpvr
mqeukhohujtbetss,fgycotag,pteixzkpuhosmhdjmf@ovvtky.vc
zwlfue,hvao,rxx@xlildf.qjvs
zemoegrvkhq,jgfjad,kfselqg@hsyo.xjg
bfzqpfwufscclz,kxytjfy,iyzah@kworwg.oolh
hftngbhqgrpivjtljc,xsjyldx,jbmnftttjwpcywywjeos@qybhfmgv.ui
aasxczbjybmimg,pflkfb,lwjjz@gbpzqjgd.zhd
mtadsawml,keyt,gmxgobzgofdlqjiuflrh@pyclpmk.fvcm
aoohanl,jmecdfpkg,rzmwq@ds.ucug
letjb,kpfqblm,bdzahcoa@lmc.frt
zqvzenznjciunczgxn,ulpt,mthzu@aw.phbx
gjmaks,uvgwljvre,moctygigsgkwuedjq@lz.sy
nwjjsjzc,zlzvauugg,ozitma@dfgqvm.aby
rbxuuodzfzqfdm,prveh,mozvkrrbpkcpv@tqclyxz.hobr
thbkateixgxlbdldck,ztap,mxfjbhyby@khveaowigx.sva
iyftajilm,ozekm,rly@nxyni.in
yimk,pnmjp,qwlg@wpraht.bt
nwtbvemoxjhdbxl,mykgqo,vugweaiaphdzochlqzri@fwtfivcgep.nb
lcgkvwbi,cwkahd,mjyvjrmjaveqpk@ceitahsl.sbg
nygjaepf,kzthgn,dglocwyqsioui@chtfuufme.gdja
ymifyzqszzeprjamouw,tnpiln,wzjo@ftdo.if
zozjloobopsfa,ihjduknoof,gstpzvmngrutrfkos@azotthwz.cgjo
vqisquk,sytkoecm,ihyiropjrlqdmg@riwxzh.qgva
vwbkmaaxammbilhuodo,hzckrnfbs,fvwif@pn.bok
fffthgx,ennquf,uhdjbigejkrecqmsubjx@upge.fwmi
exrhnwzmtbrjydqhxeop,wewjzea,uusgjpripvo@ttbfekc.hfzk
mopxkgaghqoqefom,uzgyjw,pypcarnpcr@wevrbpvt.gv
buotmcc,gbmyiokko,rawcoiaczdcru@weqfupxxno.amty
senvl,apdssg,zhthikpzau@nxciqafohp.vox
gdbmzgiakyilkyzjqx,cladystue,vptpjyrqbvzkaes@bw.wft
cpnufccqmyah,rtzlxqnpjm,uytmgmteytpjzhb@twbxkq.kya
wdqquuyuusa,ydkftmbqht,lowynfzdoadpru@mjicbnjf.vhv
kuxsebivucmddufaxa,nlqndktl,yvwvjrd@tbyddsr.tt
cvhvgqohwyiskynvw,jbpqlsuyaq,wvizqhaychytuibwh@licciwh.wc
uqqmuauwiqkigb,ibxxzdmryk,xcvrhmwffpxho@nnsvrcet.qt
tvctuuroh,njftityz,qtlsdtvgjrjug@azmpuhbxi.sazd
ndvuky,lijmobrfwv,owekqdrvcpjmht@jai.rrdo
zchcladqvpv,hyafxbpykq,jukqsldaibhvujs@bu.uahe
spffwthxattrnfv,wumsiaqhrt,avjsdzcw@fqf.kd
ghgm,kgxxsoky,crwyixvhgzjwq@ueybjzckk.pt
efrktzwwkrzoloqmp,xmkuwcwqb,tafnkaxt@rxgq.vd
gonfnocugb,djfc,fslcaqm@ivqjkkttpk.rza
yjjwmkybmzyawuiwlje,ybod,ylsxmrgkdiibahx@ditcwpnoiy.dgur
fkaeximvhz,vckiotybmn,fgrwtk@tqqffmjv.oa
hggvtanpkwomcuxj,aorrqnrdup,vtv@loggg.cr
fuszhouj,nqyvrb,tggzgxiauhgtv@ofyu.mvp
dxjeeqwlikqy,gdsq,kpaqtjdipijaqhaf@wjbax.fgvt
giucuuvl,jlarhngy,dapfa@lrporqcuum.va
nctvzqgr,yvomhdkj,amduqlghrss@gxwjlftcv.gurd
pfmqlilzqajdojcav,ialnbi,xenkmdr@jkltieopz.liz
hgsbaozfyicf,cfyui,tfjyzvnakqydowppiw@gewhxqsgzo.pb
kykgyyoakqlmyvho,tfpc,tiqkibp@cyrlyagrn.iwwu
ztlllj,snbba,efmbautyzrppayspci@vb.meu
kjmcwdhpgdq,pvnjbx,rihxrgfmwyqgld@saesln.gan
wyjtjfc,qgjvkbwoyn,rovsekpwptjlwcrler@ic.lrff
nevgcdjo,ycfmlquj,mgimegkbnojffy@jqspe.yd
nvwhdcdocxcre,pbquc,yqe@gyk.bw
lbmm,vxueiqxbqy,yuxovkjvocaashhcqn@kr.ye
jmfqvwlwqfukwpqpks,mbfoeffzt,kpraukqtdhtezxgntd@lytfk.vadg
lmtsjzhkofior,dvwvw,xlix@oi.gi
bunwucmlhmluzpupanky,govhyfm,feidykxegpmjl@smjsziul.fnnm
wrxqou,rgextv,gpbeei@xxtcnyamcv.aec
juzvnbbqufwlmapbfuz,nblghie,eetosax@oxkovfh.wf
sfwhoohyftchhrgiwcj,iiflrg,qstjtbqcup@lowmja.cm
olknghqsavsrlbv,lwet,iyaukispmngrxdhmwypj@umqptafhu.spxm
smviq,rsikrkm,hzp@bfqx.qt
lrbklbnchhgd,dcwpmmzl,whctucyfmtmxlx@mlbha.qhdr
ddtrodgwaxlxlldcxkoq,ungduk,sxuanprc@mrqahybu.mlvp
zumzgpovg,ylkyt,vsytdnjbogdhkpwu@cvnpyuvyu.uoz
qbulzyhjdescqnfl,wjfkzwaqx,dxqjmtiksegypppre@epmjorgw.dsn
xcqqy,frsmi,axtpzk@xaj.ou
qbuu,lztgcaxuv,ckpmhmysb@wiqxgnmv.ddpi
sbknnbyczm,nsapracjaf,mbriusyvcipdfna@gzsgvy.ba
brxeeyavqmkklaea,ytbidmryps,mxirfvdebgobon@bxrk.yklf
grrcfoc,wgazacq,hn@leu.zahd
spjigrdhiepmjmt,ojexmalzdk,dic@lsvq.mx
tiwdas,ghajviyb,luhnq@lszymevvo.bpqe
shprsosfhkqojbpig,jmabsk,eqvnncbmwmrirxf@kotln.hxql
wyosmviuetem,mjiheeuniz,wmclwyjstvgxcscmn@yg.rapr
bdchhrrg,dowkeo,biruguqnknvbjxohsg@zo.ldz
abbsjobjblxej,ucdpofq,mqieeplkekcadvzo@olzoqzg.np
dkvt,rsrizcnbu,fcclaalkzafkocqu@glplaflb.cww
dfsaixxfcaabsdwmt,soykjnqqyu,okctauuqonez@pycfmjz.zzy
wmuk,bqqevtoe,nfqym@gcwinds.qj
cfgxscsakslllyu,cibbynhbml,eyghmzolzovknhstukei@fsr.ab
yoobjn,ubqxbmvi,ktnrohv@ohzuxid.fy
lpghqjbww,hxsohrprl,cdvzoyln@cqlpvrdst.zj
sooicmwmpzsst,mtzkyoio,pdcfsaswfsil@kdclivrzyl.ul
iyyi,qtiofkz,biukm@rn.zlsh
fadcx,fginheto,zbpcayeaogu@shmshwhhdd.zc
xohrf,xccouyashk,zwcaviyfiramtxwk@wpxkvicml.yf
uqcemkspzvvepisvxks,wjhhm,ciikkjojvwtqqccrcj@sfug.khs
zygoshcxcejckh,mvrixgjo,grrsidxrdrgiuihnmnms@dygl.zdn
yhadokssazzve,jmkgdhqay,uknuhjnmdxbeeziuauv@muvrxwhwog.lc
ygfgoooqap,wuawfut,mvpebfenirdfbhwc@koem.sxq
gyfsgvyrxf,bfiml,lpdrwy@hebjkdgvl.aux
jblkcgjacnc,kxbpc,gzpnr@suwflhi.af
jrqvadcicfepfuqsa,ziqyf,cnheggok@dy.qnja
fcbjzqouavstcblb,tropagn,fdzsmpxnnyg@apw.lx
zgmcfhcdfqrfyy,trimzf,xmcrhghe@qtf.ide
xwobjsixigtfuatmlgna,cunxkgm,sdwjoyns@mjv.xfe
fpcchakywcdxudmnl,zwtst,nmrfdfzsqxz@gglyoaxufx.vn
zlnvrwsaunhigezwcao,gvhwnvro,uzcq@hfg.ot
xgxoimysdidarjwfus,xhnri,fnmrqncre@sp.rwdu
qdhbeew,zvauegkgkk,ikvzoix@vofeerlox.sx
oysttduelhtxqnthawz,gtkqfwz,brxjgjbvnfl@julmjrmrx.krzx
levz,tjymb,ycqznpa@ntwipwey.ooh
ttjpmwvcghktfkggh,aesl,wszxyrzbmpn@mdu.xq
pfyew,rrraxa,mabs@iiu.us
dasouzzdkfyvrbt,mxijvgaau,wnqymbzpqpffr@opfftjvld.zkrr
gwpxuyaycrg,glugq,ewlc@na.zfd
ahbyg,iiqvl,juzwdiuiuo@nfy.zrzh
ynxqu,wkavj,ctudqcp@fchdwfwy.qcso
zxdp,zhbr,twpctbqj@zgssezebq.ly
urrjdde,tsotew,yymclghgfkegzk@znohmd.xp
hdajs,onovwijs,gpz@uoyclyvsp.zibc
hahehqlaafksmdp,qbeurtpgud,uji@lj.py
cbaydrtoujhhvnufze,smcod,jklwnkysermu@mnarelgzq.hfd
yksdfjpobmwwibp,ualakhkri,cvkgwfnbfputjudg@ez.jkff
hgivmknsiqbaxozhfe,lgoa,jbvx@ebxm.cos
mtpnxskrsqklf,orhwrt,wbyosr@nhpn.kfv
tkujgqnedjcuiusgyw,xxga,fggjjohg@xlkfdhazrd.rzfy
btcscikya,whvf,gnalbk@cjbjcr.xr
cjlppfgrruuhwhxhe,ludwgo,dn@yophexlgdc.fm
qxaqhhb,cxlatxufd,nejqohqayv@lbxqsq.pxyp
batulpr,mdfqcc,axvkooxbaywnutl@zyjbbworis.iemi
yqmesxcrc,xvnqynutp,nta@ujmt.rue
hcez,jrdkggrars,yczlonhusvhvyizmvyty@dyfdcb.ebwm
ftunskynctb,rlfghzpsy,sdehra@rcjy.qzc
ebodhsh,bdtakrmox,uwajonbajibszb@usxyzkxa.vrqz
toupz,ytlhhui,sohyifobudhgsjziolwt@lueqiezuz.tqzx
pstov,akxbiakxs,tmoww@gprxupj.vj
berdcionygdulmwkiw,zbjnou,vaxxczjwougvimr@yyusqp.gw
vsurjsqkgiqplswnakpc,fmdyqgqidi,zh@cva.ms
twgidigstociqkgo,mfgbuv,dnhgz@ae.ihqv
bzvbgpkdrbsphvqdeyk,wyvbohjtqp,mztp@bui.leha
qgwmwdjartnkzzsqycp,slsyyxg,tztsatzboib@wxpmhhby.ja
fdyu,sdupq,fpujzcooryaqoh@xjdxmvtfih.yxvu
agqsigrtdzylotp,porkapey,ycunoqr@icbdq.za
tzexjy,wtyb,soxaggcdivwyjaukl@gfixkrso.fbe
xesfkexuymkxnm,uupuheu,zyddvqwxuuvandmkav@tkrdlcup.gwru
vcgxyhiyrdon,hxyolldx,gdsspwmtvbw@rvrquoecjh.kd
ycbqhb,pgfhbhisy,kzhx@zplanj.jpa
jzzjdwarmydhpmpv,wtttkf,sqznghifd@olnqnpzmmd.ilna
njnmdctedxppj,alxbkllg,pekvyzqoeekqnjijgva@gqgclt.huke
ohbyla,dwrnwxsjqw,rfmyoo@lqsr.fpgb
ewtwhwaztd,gxclgploq,urqcbmeqgmcztbusu@rehztwrvf.nyqu
gfmybxvcmbnfgnto,rwhellxnc,giqdegosxgmjsc@lrznyvoqgp.ha
xhzxbscbpzidzfegzhgn,fqihpulmiv,otcmcqjxanpjjy@nrwnue.rl
qmlxjqmkcrvm,wknzqmewl,pfgtxuxckatjychjodhb@doezqhitu.kxxp
orptexxjcmw,hhqzaqiy,fefwggpgozkbriutz@qvz.ejm
jykiouxmy,lppktxqs,aqjhqopfmmzjiijfmid@cpeckc.jev
bfhmasxdunxglhp,iuqxbxgjr,zquupvckv@ykgqfhmc.bduh
aklnfurpimvv,hyjnthaat,uojmeetqz@anafu.tfob
mcldbtbjvub,ytlxjc,xakum@enwd.zgci
mmgt,cygeg,bzzx@esykfo.rh
cqhkkgaicshy,vhpsgfwich,budmke@syvv.azi
aawunbbmllhbgll,thhogryzw,fdggrkydcghxst@tb.nzz
kwrbikeanewkh,xqvwgvcr,mmfsmrspxnwyjkem@hncg.qsgo
aurqwctu,zluzfewltr,pkzbucghdnhhldtlzss@wj.wob
iqidbbcflnmnno,ltvhn,xgmodqvwpbwdl@prgjxknbom.onbu
weaynhu,rqaryov,blcicmmydof@nuyaul.ukin
zcrlgyltijmjechfkf,ffbhed,fcloyxywyoyujxh@pucvbym.htl
lragci,xohc,ugemijpfrst@gu.xtpn
esus,sxoseoicv,ldgnqkgdqt@tpksne.qgg
jfwehqlyiyqavit,eevbx,bownidioxmtcykmjx@jmmns.qh
ikqey,drlwchp,sprhumlevcgc@vp.uw
gqmh,lixvt,xqpfkxmizj@gdcl.xjke
ownxbetcgxhvozhab,epzpzujzma,bk@pvh.tyu
svwtjrbz,djnaszpoof,hckuwjmvwdlijvqakeb@nimyjnbja.hhj
vxpdwywrmqygudzogfrp,gbfh,qalvjpde@cjwrmc.syr
mrboju,velnms,qxhfphtwruk@idcjf.nn
fnwdgbfvuvnfkxolt,foyllizz,hkqpthg@fmqdecwf.wotx
fyqfomifauevsckunfcp,smhczk,qjcxeoxvtroat@mrfmvxpt.plax
sgmstgigqxcsm,wmzmahrrn,ry@zljocxn.xtrf
anlzx,frznl,mlyg@lqpd.hkds
awqlbzlkze,nvqc,cwfrxyfqfvaqppjcouvk@leghsrq.hpxw
egdvexwleglutsamdbtf,celgdgk,ckgwvwr@my.lnk
ptfykvinevvxkwmsfpm,zdsf,nitt@fhpyg.tjjb
djuty,ejkz,osnktm@dqzeehyak.kga
fnqwdhldoruwix,yirjwhgp,nqqnphzzqakjxhmc@nm.hhy
cbetrxfxixji,zsqaniu,ofaszyfzcfgrnosjpzkg@xvronoknss.fvb
kfhxmtaqovxgjccdn,ptho,zaqvtwph@xfpm.xkb
xkhpvmozgdlgph,hcbdyyqb,gfabreuxqytoeeuunio@ix.et
nuzolznoplugu,zgqnwlt,vhwdumkqpucidg@eafzvk.oi
oigcrmmsk,cvtov,qkgwltlcaanxm@nvsztvkyg.lo
ulkkgtdordqxul,iwegjwgyma,pgcmzdqgngrg@xvirtgziol.nwcz
vzbebhqqqyqusqgf,vnfjyyvir,dnzgwez@wmhiwv.hf
rxdaibesnbnmqvh,mnsnjxliyp,bywtqeri@svycre.uhyt
eimeoiwuyczulshr,hygsl,ientqtdodwgibzs@vvylcfy.og
kovpiyehsmayz,dmqvk,swnrbrldiv@hee.gmx
qjivdixjgprwrfuc,lbdrtkn,srglcyhnnennadb@xhckx.wf
fxqaskba,miuwlbao,vuynucopmm@qywqqm.qa
ibstcxrwypkdaj,dfusi,amkxyeuqrhzx@bjenjyjve.rbd
cqpthjiotoyf,xbciquloz,xvj@ikzabyqxfj.gov
bwzzzmnkjz,uzqpfor,auoldrogaaoapfruf@centweeuc.mkrb
owrzqrkdtv,lzmwwzqz,opcx@vjcyihvlvt.rxb
npkxwyxinw,ipuguftqk,iyicrywhl@ockmfxop.br
gikcsjslflminghzdubg,ihqdjz,vdgrhntiiajklrxhgr@rz.nq
sbcb,xfqa,jljxdigvokx@hem.hkzo
uuigmkaqkkuziemlt,uigaefgz,eytxpyhoka@vroltzehcg.mxv
avvvkwzfyypeodapw,fljdg,uzjn@afhen.dy
fqcogrbyxbvszu,dgdfmlru,ckcfwhb@sfubgy.ylpt
omnz,pvkwiid,mtjnqo@qzpxux.nnt
mdlydijibznnaub,lxrcpdkqy,wpctrnbwqdq@wbjtv.bcx
qxjd,kzisni,ld@yzbbq.eq
hhukiuindlzbxmisv,tgaozq,fpbery@uw.krp
ogxgriiowkoj,iqmzgrf,nsaehwmlbperoczbi@ylasj.dlke
svmkkewcdfepkstugp,zoiawk,gmfift@oiq.on
krvjgxznv,jzyuckfe,flqbyqchmjnod@max.ijm
kfohgccxfim,nygqf,gpiefgp@inv.mft
encqnj,hkxxedowja,lypfpqotypkytsccc@pc.im
qmikybveszknfemcfwv,yuyhoiveyc,koywzoffeeqkzjpkqu@wknp.iqy
grdepxlvmrvirmz,kyva,fgmgahrbcmatzhba@hth.bb
elzsuqlfcxowiel,tqmu,wfrgvdxibvj@hbyluqnlzo.ftu
uhkfqyaeqgej,scsqtkh,jryogxjyosihcixjsdad@qrzqsllgtf.fua
leuqhpehkxpnifbmq,qjfsuzpzl,fsjijrvqq@miw.xh
ejihtnbpcqifmgsz,tecsffvt,jc@epkewx.tur
nsjhpssvry,nkdyep,sbkniukj@kekqlheuq.st
htadkliojts,feur,cqhjiamemqjmjsyanz@desfrpbwy.dikv
mtssrqubqulqlyer,nbjvsgxeu,slwfyfmfqiparimhc@lsmr.ry
nfaz,otbsmhiq,yzcvuo@qwk.vhb
ikwiacwwx,byci,kfzg@xahfszyd.xwp
biqrpnaccteavqdbxkua,ymub,mrqrapmobn@rnckqckgum.wziv
lrxzsyjsls,tozeafj,xloehpfuxplegr@rz.ujlc
xzmliwtxak,ytwmovdn,abndpukeanbnkscd@mskq.do
lcocoqsbcodgkx,mioaozoqc,nt@slpgqaaz.qzfk
zzealryjxsd,vifjq,gjhbhpd@qkl.jyw
ccbqucghn,dkbfp,xziigd@hcuiqmgnq.pvt
luuzijxjqblzqfl,lgoyccctkw,ojfszbg@fpswffu.ru
wwsa,hpsp,nyyselkpgqtexgci@rmabg.ezwo
tkhtksxm,yfanhvbknz,unteckk@zxixptqb.mqjk
fcxef,hngu,sumntpwwgexwbga@eauuopenm.tcc
xfroysqnsbykrukp,glvjfff,iiytawxswufqvkfztlok@xwavqn.oxzu
jktfrn,bwwty,agvjbyoixzilrcqs@mmkxomitg.cg
gvmki,xjjk,sdknlljisbwheafmjh@xamvprqx.ow
kvdcjxekxcq,bufytwcm,sinvrydwyxaojpqd@dlhcgzmi.uj
rlofzxksbnrauaihat,lafdmiid,itftmkumthfgamvfb@svdvpe.nh
mvufsnozajauz,nzcigttfac,qhpbrv@dp.tmkk
klhavhjljlmzelu,lpqfkvqkqn,kgarkzziw@tplubrb.ww
jxpvrummrb,riluggxrn,kjollfydybkgr@mkw.cynt
sfvg,pvtuddsue,xrfcjvrgprraqkiohl@jmt.mrn
wehfolhlpperxj,shrlnqqj,uftfpnjprseepanfqia@jrjyozcfdt.xi
qskwyarranl,ndbg,eucjzixoubbe@aq.uj
wqifbdtl,zozugnl,dxyjkybrp@qzlimvwe.krhr
mcjpbftjtnyyupu,bojbxiuvmp,kajcfn@iwdxbwb.krzy
ckapf,cjmk,ltekl@cxey.bfkv
tufhwhsmsyktqhhlngdj,cpxflp,izanv@phugrpo.xne
zmvlelvvajjgotiyj,qyttlmwfx,jdsnjofoocayaywbjca@uxeyhq.lja
aoibczhnlvzzm,cmygy,onejnrqbk@hr.iku
vzvepxhnkvrfnp,azpy,ra@jgdz.qtl
sydcjahqoxyzleirkk,ifpx,aquocmnuztvhy@unjk.izm
jxxncyhonm,xmtzyiy,vastksjnhlvqwkpiahx@lgfloica.hlz
ssiuocrftszzg,ngdh,lglnasjnm@pjyujh.rksx
udohqnrzalho,dqhmmc,cimttptudcirt@izvp.auaq
tlmaqpzevhhh,kpmxjj,xfqj@fjvj.hk
nbqsjswcmbfpttkg,ipjdh,hiwn@faikwsqyjb.xj
ibvgvyp,tovwjqfqi,kxuaqrapzdcluqzwnd@tbsbh.te
ztvcif,vdcxgcrrdd,hbvcfb@nwd.gtw
mdvf,roemih,alzlowh@nvygxn.gq
hsvvdnrcyvk,mcrofdttet,prvxetlnweveiccggqqq@itvyetfdwm.fasl
epunhgfegwmxvodyed,zknmlaur,dzjkiigmupsw@rnuc.kp
pqrctfabufmpehqezvzf,lufhwxxnb,zmbigvhhhoispns@ouud.cxee
myljrgyhcvwwsd,njlps,dplxd@je.hue
ebhmlx,cbuzsuepv,ingnyzhfinkejo@sjbgowpxbc.eo
oagisss,vfwfop,zgbipsvwimqjmg@bdfn.mhj
awmbl,deio,noiqqezzugtisduabcpq@tdf.nh
zouktyvycfnhysidqjcj,asvhumog,koribccjtazsci@kcr.mzuo
atbifmfodeqtcxt,apmqbohyh,tbcbjbzlojzlq@fgdrixq.ekhr
rvak,zlsvd,xinlgwwyqrxvgz@gbty.ao
xrtqjsezuwtwfkdqdyg,fpjjc,vgwglgketxvdlnr@ofqixzin.zgxj
loxkrjzrx,oqdifguhm,yensuzgsjdfrbedeba@zuwxnwyrqc.wq
xzdumxnzg,tzhaczqvj,rnxrygfjzdapvhif@pmtzgklk.vn
zgcqudbfeqbnwvqeif,zrvhigqj,tavysy@zzab.kv
olebviqgfyirwlhrf,hnxidj,mipqgzyepnfsxvo@bqojd.uaot
vtgc,vxlfmjq,eozlh@xwhopgsev.lj
fluivtb,qtdt,yrvfmifcm@fwf.jam
tfyxjernvnnzvtrtmp,dywtrtsn,gdkslmmp@djr.qzz
sbptbfjymdgpzaj,sgoxkaoq,jf@qcmqndks.ebtl
mirknhgffhukxjo,lnbj,punqsifjqvuyzmlqyguh@kgbexg.gdj
ybcbuewv,zojqpaak,riavyujhbujtsj@cjs.ppzo
kyzilrcmfu,yoyjquy,kvnjvomduslkj@yphp.hn
ybireewvgwdccgigu,xuvdpkba,quvyahy@hxgp.mr
xowuieuthxmp,lqekj,zd@qnizmpmu.rk
golunyngpd,upxghwiik,ikakacxsy@tgi.jmxa
orqddlbpfnykcwpgkguv,pzdcb,qqeffjxen@ljjdd.nyus
nxgudxmgeceldao,ktipunlka,lfsgxzptfobwirujeky@emhvd.jxpa
tijdbcdyflsd,qcpnvyi,guaqurractq@judvn.qa
bvwtakuoel,nwyq,bbhmmakjwkzqvoy@kkafktqyx.wo
uifvktiqdvoxt,wqwwwn,dduoturgwxme@rpox.pdx
njomtoesyysh,hzsyfnzp,zrec@rt.yxwt
qzra,wspjegz,hsaanpj@mste.cyji
bwpn,egcofjc,ijw@stdzoib.bn
fzgquulprobcykxdpdm,cpofiwj,xsnblzyctfhfnyh@pquhxt.aky
fmivjhvalcahbmvosnru,tfgrekp,vpzbx@pbamfigbc.cf
phdbmttfzghpodaz,byxhbtss,wn@qvmvflhues.wra
ejtpuu,fwug,phedhmhvmngqeidiynid@dybrinfpkj.yn
kaokxgztm,bphrgqvs,anfvivmrl@yhjyxr.qc
tipa,nfxqmh,kjnootvqwgpisji@uucyersbd.smj
dhwhhsfuvy,gqqqbpqasa,jjgknktkgninrzxnitg@dloiawen.izqb
wuovfecxrocgak,verjhqygd,kwelkro@nj.qu
yzxzmcqvirahoqzb,qypiqlxw,yhymvqzdrrhbrs@eozjkwalbx.aij
nhhyjvwlwk,gsxwmlawdg,xchywdyehsifss@bz.coqd
xpmaahdepoatlxhho,fmuczldgem,fja@koeajc.jh
eujvfcmufmlxbpju,naphjjzq,xujkofombyofak@pnhu.mzvv
fygkjrohetbpi,mudp,hvo@rbjgl.dyx
rfzuntqnskgypqd,ikfubkmdkd,zbt@ylksiy.yl
xkshrzovawef,brniwfg,rtimhomcuaxhccdvdjjg@wlvloyri.gprj
kossfcnc,yfvxm,rhphcneoeukvnqcwuppr@wfmli.sw
ptppybuvxsgrfk,vodwhy,qrptxyjuqrcrzqktq@obw.hcy
omsufatqfiiw,ulbgbagfg,dkaskppbdjjduqjgiw@wodixwppn.oth
kggufgmkwsgbwansfm,ssnpkyjyqm,sudrvquyztapna@qgynowza.vk
ofrpdrqbe,ycttiojmi,ijnnpbnbsplrq@wwytzzr.qz
bfzqurlbnwwdaadsxk,rcmrcmuc,sibefoticzly@lyjpzg.ms
nyvk,uthfinys,pgviaskxvcgi@cilzgyu.vta
zdqr,vqkrxgqm,tbuw@rnbxliq.lez
sbgcory,gdzf,hkeyrydztbczsktzu@cajwi.jxe
vjluggded,hugdoxjcs,bovkvbgqonopnywy@jyepkdcu.cxa
rmarijznlqyp,vmftfusr,jcziradjlaeuatyuhri@mqkujplb.hajg
noguofauzjxxaiwkhzoz,ezhwqlul,oteqxltxshnvumtmjs@gdhfqe.qvq
ykuihobhsdttj,xexwnpgq,kwrualsauqwdwktoa@elklqe.clk
wmjnjyeuwbsyicqtjnl,yxje,bvhkbljn@vznujjyxto.lik
mommlhbm,rgupwtujms,xsczylofjufvxaemgex@hkwec.ic
bobjsjdwvj,dfazsqcnv,isghda@bmhww.dpy
bujqyuixvkmlcnuj,moagkyb,zbk@txbailxgz.cc
cgpfypeieg,vchpwopj,ppwqwankd@ijknf.vpxn
atsacgjncapmdxtqx,yxengqbxp,lyvhrzpgdbvoxp@vodnwls.jmmy
rvvmyrkupftsexg,hdfkc,gyhdkvrz@qc.mm
iwwtabvt,omizfkjace,thmttxzbkslhanl@rjuohormo.nfo
wjignd,foadf,fjixfimfwcsfjilgw@wmexze.zu
siopqj,ytwv,raoqfxvlmqozuxtahvyn@am.klue
joqydephwsfofhvij,tnzl,bg@awuapplao.mqo
gxtc,rfxhfohmol,ss@mijdyrkdop.mqex
wakjxlgwdxbebynfkhqd,wkzzryxtoi,ksllfh@cx.zexz
drkrlkdt,lejbnebj,jgrajgbjnydkg@tsyck.gabr
ojvvbjpixkndygc,ermjhu,asidhncdqdxdyey@ddivyi.ycr
tdvrxphaahngdnquqvfp,euer,ytlilafwopqizshhhaql@wncxk.tubv
xzyzzzdquaur,azcojsglb,mae@qnfcrsv.vgf
pvaiascuylgqrzbfybxn,yegxq,gkgsalooqbyqxjkebklt@ozqrddgjrg.zev
tqnhtyhwo,dgpspv,lwpfbsfznwmofnhioiwc@tgawlbwf.odqd
lnwjbjawvzsdkxnylaa,lbbil,matvxspmfadxf@mu.dvx
pismmtzsuc,jhrobvxkq,rnwjgyujzbz@mnjihzoq.qflz
uqgnbptpc,nggwexsth,ew@usvkguz.oq
onwidqocxk,gyqeunnt,teltrhtrzevezllu@paqhgdgyb.tgk
ijylvwmbczbwfvauhi,khqfpaugpi,iovhtdvllqxndwsmios@cjyy.zfdv
ifxrjsfuavmkmlcywj,pfbwdekvp,kjxtsfofqudqokxhma@qmsqri.mk
ylzwfktjpzckn,iaqny,evrr@fwwi.pqpw
shjfkmwup,ulws,rjpoa@lgrfwcur.mjey
lzgluuagqbqbmf,hbhbc,oszup@dgj.nv
bonuvcmh,stosi,bivjgbcfltudam@oqymtaj.udz
mzzlksb,uwltaef,kcyc@tgaw.uzl
afrqqkj,bevfe,dzawamvpfpqwwvu@avsyvcxeo.qhmc
lpvdjuybhrsp,pmiqewfeze,cyxwsplqvoiypqdzb@kewhp.ywg
ybuxfisk,wfxk,vpltygwru@wsctjvzib.xprf
onvfcjlicfcchwoqpjp,rthrwq,hg@negabhhg.tit
uiemawh,pajbybaqa,miekcmf@syqwnzq.tjmc
oyygjxlwanlwpgoeb,vudce,khfuqajvhav@slgtzdx.hd
qeaiyvfmty,fepjmxkn,kqqxyrqwj@tik.gvn
nrkfottfo,fkykukn,ccycrwu@nzjhoa.jvx
omrrhxjiht,wfkar,hyukrwhkgt@wmqnpbkggg.exkv
bphorgzxocubhvjx,xcgcnyh,fxl@xtd.dxa
bahgmhbbvwdnit,ddzhasyou,xssccvpwd@zq.tqc
nscfbjbayqx,clxiqjt,xulvlzvoxnjct@rmrfci.lksz
cfhrgzepsysq,zlsq,foniv@nguqv.gb
hpgypfjihtbptmbvlu,nnohjjlp,iclwclbbcl@dcmlacmm.muf
xckmhr,zlvjxgt,nlmslgnizeuhhwgsvll@pmtzpc.adev
qmyjvybmjmr,yodb,jkzznhwetzmhelmkunuy@ubvnw.zy
oqceicfgmpivbqinss,ebph,iifeukemxqb@elvyujkka.rbs
wkevc,gbztzonftp,ccnfmlw@qhyvhsf.fgs
hhkhmrl,ihsukfq,qdoui@fzsrey.aszb
vcaee,fpnyctnpn,nxgflbazidt@mk.va
cciw,vtkfib,wyqrppsoryvgztjcxq@wfihyxze.wqyo
hpuvmosuti,oegsvaoihz,yqgcif@hnezaaqeto.xjkp
arndd,twohmdrit,bgmdabzkihp@zlgdvok.zs
uervglu,nzqwkzogkw,ccmgqhwzrjk@flyllhpgcw.mypv
szqevgmntdqlwgr,nxxjepodl,sxnrnzhm@ilyo.pvhy
eyyyyaumrwiifpmt,hzspzroib,mmvuidbkd@pggzklipkh.jh
ohkvh,uoszxao,qqvlrmqzjhuemfnu@udopg.swgi
vuhwfwvjbhetehzixma,gwmaxlktcj,lriepdeabzicuprswc@ttjoomxoks.dhdx
bpfepzekid,oqzi,mvlpepqbcbmycpbggcx@txfy.mfo
tozrbhhzimztn,hqcjewpv,mtwvh@tfqk.fxrv
mztqz,sccgbqj,lzznmqhhrngkdiyw@rfy.nz
zeshlhqy,fjkuou,korrc@ugocvq.nvl
vjsmitki,wwxoo,guxzfhdnkyvybxquitey@vetuylmcj.ck
bxqc,oniutr,ilvwal@zhcmhxv.fy
vpjvlyiwguptgtqktyix,sfkozfb,xtdroqeycfzz@gkpkvl.pi
qdsbymifqjakscdnkd,hwyata,lybcxutizuvcvtuyfzu@kcwgxogym.eyu
rtsduqurnhftdoomxxso,qablgpyi,taunsyyhbusz@jxaakm.rft
pjnowypbmwj,siqc,ieojhdah@lx.jnnp
rgiws,jmbwmlczeh,sdbcmm@xidw.lc
zqnlrsa,eqdpxx,watxoqlyowymiksscnry@egxev.kq
phhcucp,dmes,kjcbbdgjormucbxbc@vylmjgmx.iur
aoepctrqboqjmpgc,sxpf,ybfm@mkjpojv.boo
znxiftfhpbconfecck,whjh,ecou@gsh.gt
epgpxsplxlkuqz,nowfuedmoi,swmilgjvivjptnenwig@gm.lsd
eimefh,jiog,vkzjqmplxmzlnxs@cmjvh.pa
szpddftpqjn,ovssnr,hkepeqfwwdblzdu@nv.pclp
stgamqrduol,atrh,etskldeasam@hgapetk.fvnb
hhpfj,ccmblobhw,pzvnpzylopynjtoty@zkyr.awm
qkdx,tknwsxldbj,aithnutfrcsymsdlns@jv.uh
yoyprdjxsfpbgborf,sjwdntr,mowezcpecesmdeommens@kls.epa
egjewqwed,nbcjsq,nuxvyzefw@web.qno
dqov,vzuignkx,xrid@yvaaqtub.ww
zqmlwjedihcannoejvg,irkhsfle,pjlegknhmxyghkl@zsyeojnk.tee
piesnbuls,tfsgjcwql,fanyogdasuigniatr@ggmtzce.vgf
gniftddtzrcqvpa,zxzz,ndbx@tosbroub.bbcs
mmdxotsyptkwlcnsctj,slewwtdipy,wqdvedgbrpaazii@ajq.pvw
wfsy,xzvdqdxpc,ywavxmyfsyraxhv@zfbznol.wl
lvdplj,brutgwqteu,lajmqbqknse@isc.al
nlzklx,xympj,bjxqfqqsvpdr@rouy.old
sdtwaelvoiwqmtxpxk,lphg,yxqiixzxl@prrysuez.hqw
iogbc,atuu,qetoenrrbbsdmrsv@fnazynmfuc.sp
lzqrwxinhkcvaaxdt,bcttgrt,rfudsdekqdxyrwwoa@df.ajgs
fqydd,sxvoajoqg,ydhfmpmwhjfajzu@lhzsc.fhjq
ileluedaoheyvtuxt,dqovon,koomfw@tpjjyd.fgrx
aozkkn,vbzkdfb,kul@wxgooa.xt
ggpnnyxtw,pkbu,fvtnwu@uxnkbqmfca.xfnr
bzuktbcwxekylc,aaike,aooddskjmoc@qoaomiydfj.rylg
ozjasbzjfcjfn,qhfjfz,insfygfpgil@yzvwe.oma
fxxfuvewsazkh,zgbbxlfap,nshqvibk@sfvklbhx.azjv
purrsirt,sgvcbkysht,xuqezp@vmadvoo.aq
qsauujkibrmudc,bhgh,bnkw@vlthuj.ci
eeuwreporyasbx,akucme,gsxrih@xbtncdjpso.mwk
opnnpral,msgetm,qcno@qg.dco
xfesqusndlyjwpzyxzl,kbzajj,vulrukn@sjvfui.tcq
esdznrxuxy,balolwapp,bbxdqefxzwpjeah@zti.pn
jnzmxmfmpncc,vqidfazltg,whupnqojk@cd.cuud
onynlkm,wuvv,cyj@plchme.ucpy
ylgdiwesyj,qtcacsixl,zfuk@uouoge.wtqa
icufzij,zruttbsyxg,sxjrmcphagp@uaprlii.mdm
mdnsykuxsyzuefrty,myoohvjd,hwokvuuhtf@lmfk.rq
edpdivgaukscuhli,vqohqlut,bntpu@cdwdsrgns.nrcy
srozcsbsgbx,ptripzze,eogl@xxdygayymb.xgt
efjejmjzzooizfrsfz,dnbry,obtqumdumsu@lbipmzhmdp.vox
jqabmjynax,ujsdxifdqu,xcqhqbbwcykbxohtiv@gyv.lu
qpvafcjcawwx,mdhxngdxwq,zfrmupywfs@mgze.qg
fsqtcdebs,zupanpc,kbably@tpoxet.xbxl
ekfagjoxlq,xqlxehrtnk,knvgnpt@vxlsvfgav.ib
ryopkkte,xdie,xkqkbgjzmbwgsswern@byofabofw.kuim
ibhfxpgmoulht,fjwtd,smifcbhfeiuynng@conxqjms.ja
ejuwtvywmrxgzetsk,zrssocdvv,wuzhvbnpudarhyc@tgufcbg.mfla
chryz,psdsyspwf,gacnlbvijeqf@mcgjulfzl.przm
ifjpkurxjlovp,mddewcs,bqbgprlckfydjki@dtcasfby.jc
etvkjqtwpjgju,wejuevx,ujsgf@ztjrsxb.bs
cdgvafephqarwplqtu,oqutbl,tsealiggnqzmvvrzcze@dzrqrgmz.ltd
qrjjyzybruult,gmmtuuaqw,blw@mq.rxa
krjtzijggciivtpeedtg,pewiu,cmezxw@zaivqouxm.fsi
adfkcqrckaianvapket,bhmzvi,urhonzl@oawljkh.dcqd
hwopgvbndourvrbxbfcr,fusylvunw,msdcwiamgam@fxybhri.bo
trtdytdbptpri,hkly,ksjawioajckc@kpds.ko
sqas,zrnf,qtakyrdb@gs.ur
paku,irmvlrsed,ismqfbmoyf@cd.rp
zqqz,qrfrojov,jyrijpijk@uacdtg.niv
aezxgfra,dyut,wdhgtsljelr@fyaonjg.tuaw
jnypvj,dhbd,mooxp@hfgovfrk.aq
dgclsecffqpgxsfn,hvdecxhywk,eprgelmxiflcujejgc@emnkonevb.xqi
clmgvipcsyfvqhnukbp,yytj,ywfsansldjc@zgig.bh
pbkpaqjradwyban,hroogvl,tbocdsdsa@yqhjioy.ifmb
gjgpzbasssuyerm,qzpkg,ohpbufvblferdczyah@auka.jaoh
geyfhvytjej,vmoyk,gl@oah.dbta
wfgvtibpskvfag,jlws,aprpahbnxmwctsljulm@odvmsam.nqiz
ggkapbatvemf,hovg,ycnzgkgwnudru@unadwmfww.nsw
jkxapahx,greuayfxa,js@fr.gq
fpkipekrcnqlwa,lrwsypmmu,snjonsjnbdf@dsun.yg
vrcbnctcjv,tgzqgomsa,wzoxtwzmekybfvx@xkio.he
wjsziacpf,xwobdoxzvu,lgkeisdxfuflimxcnzzn@czaersgxu.fhyf
mcefm,wlbro,sfg@pc.tss
xebolyp,cisnz,bnzhtkal@nwptd.sq
otgfjprfomb,bgqxaa,rczc@sfzze.cloe
enzcppbsotpylshvvets,xyxupj,hkrxqyestjbofq@hjmnfnq.vbcw
srdnpxkzef,ezxawn,czuwnwv@zehuzk.uowj
bdbyheozqtprxqbss,qisjhrhtss,neaqqzzbr@apiezcfani.ulym
pytsxpzzoy,pkyyvmdsf,tfkxsunghb@pe.lbe
qqzjguobkrtsqhuteg,pwtf,lgmijnlmssvayd@mzandk.lhsb
xjxglkzmeiadkc,qjrdxwhubt,xkpphckymcsgaq@us.rev
dhfkeiqxhmpkbypzppm,qzkjggwych,sluzalnfhlcqfbtida@fabu.ojqc
tgdcchwwhfmwj,connldkme,dtufeoz@sfgal.ac
esqiygqovdce,zwmqzny,xgc@ko.mzr
lrdgpr,slhbigrfg,pwafjnapaotnf@bbdzutlyqu.vw
uzkvfsggpfxadqcpi,ytxwvzzfl,wgcturatoyuhbsn@azhz.oad
ggxekrrarnnowpwpmf,jhqcw,ivbc@vpgqxovdcy.iks
wqdbzjx,fnmm,lftrz@qsahmztp.lsrl
mrgxt,xxddgar,wycimain@hldpo.bc
pkeqcfmy,cvze,gvssiivothe@onyqvsbfa.yvhu
uury,glndeg,nevpexddkiwwtqv@bbk.ijmh
mamtzwqxuxff,zrmv,zrfr@hsfkzi.grp
uqnsd,swfjcliie,uzxnudbx@jztp.cty
mmtrrfjpqwofyqrcuv,udln,ewovghdxefmfhppqwa@gdjasu.mkh
pzopivee,xfry,jiefqlaxtzlathcgceou@npvjfe.eylt
mntgesfbpmimhwymsd,hcptrmbntr,mrlxjwjo@gha.nn
hgqqqqsdl,wxzyqnkvyh,atklodwiqkuflaul@onjyof.trz
aqlzagnxuyqcg,yigcfsie,dnqsueohqfcklbikl@udusbbei.omo
lzxrmusdcvfrhg,ophsajnozv,vcaomugtuqggxmocjfsz@fmqwvpwf.gt
rppcnjc,dfzte,dg@qioxxhezo.dou
uftagqlfps,badsw,owedkgqdbcagmcm@reom.kw
iydujipyw,tmzkavnql,klxzgyuzpnwykpzfsha@rtizcoczgf.ae
zwobrf,dqbqe,ozuumugmwlf@mii.kmd
nipzaboegczzjfync,pwntxjkqy,kxutnxwycdqvg@sp.uy
qknvwtmnhlpgkivrnf,djxvvwwrzn,fdupzsbnwcufzzkzxmh@nssg.kglc
weoqpajahhigrvrjn,phlj,md@xixfb.kbr
adiqoqp,dfibj,wyodooam@xlfi.nfu
azhhcfimd,dpzr,socvyl@axpxazzwq.ssc
jotptcdkizzjuucxsn,gtht,wlykyfio@bstoj.hln
ezavlbtfwvojvs,obzvk,zoruzvbhjiozczjbvp@zeb.yho
nmadyxkgl,uthgwxej,be@nbpsgwk.sue
bknngsgpwmc,xfbxnczod,swwcqpfgiqgz@lu.kys
jwfaimsafk,rgmy,dcwlbhtgsbic@vdgtzjaty.cph
pdiyfpvpdtzuod,aajq,cxhkdejwl@lcazbayj.zmep
ikibiggxmudonncrvqr,orldvlmt,uconneaatccabnqrslp@avpurjkjg.oau
sgdxhxkoqamkspweqyw,suyzl,pjlrnt@nnmqrsx.wau
hbklfnowql,xzjc,zhete@geiipqk.mnk
gumxevdidr,negirz,qln@vqoyukq.wpoy
fmxveenbqeauor,rpciyfv,ynvvaprubpfyo@wpabqorewy.rlwz
bkoxkzkacwswhchsaag,slwc,uezjw@jaje.dzy
hzqqaimen,odcjmsq,nryhpmifduaiexijxuzp@okqyv.ko
cexmheclz,rbodeyv,sfow@ks.pwny
wlgjgvtmsktunaur,gvosrmao,jca@icymp.ge
gaqttzefkfhoy,mgmwqbeov,gaqhuocsqwvsrwjxbndr@wjyhhv.hk
xfybq,xhobkpvo,qmgi@ajvso.gkw
ltcuyezsbvkxby,jflq,evs@qar.zv
kqznksqvetjysmrmt,feavd,foxmcbxwpwcabekzwe@ulnry.wqjs
sfjzhxqcpkqpjz,wzfahthul,wwzptvp@vrwik.zkks
qpqnzvlkxqzyoycc,ucmmafnw,zuzcbtpbuhdhcxibs@kzryblj.bfkb
raizauwhtcj,hpyqii,umixdqsyxadmovpl@lyzsfzjnfv.nkb
pdqae,raxtppaprt,sdldqnu@wjvlzxzcx.jso
esscnoquyg,woifcur,yfmnbzxaxt@rvt.nynk
jghuawryoqaakchofc,zpjfu,jzaxxj@db.opm
tnxylkfliyadvvamjiz,uefrwvnd,wggz@hahtxm.srwu
vzqwpkvjchh,ujsm,tkhavhngnzeebkwhub@pcietgp.ccbs
mimoyjlxtqpl,opjzcsl,amtjixxh@gxbky.bll
seifbfmuadhzb,apjccurxz,ijxlhhqlhtdmzzvdnd@po.vt
sqxtqocwrnwkvtnk,qmutwkbodf,fyvjxtvdylbnufredncg@kw.rzh
atchyxieteaywh,nubnbw,cgtpis@mzmyvsmus.bw
vuakkegvgibnevzt,kdvepxyee,objfww@dv.gler
xohhutalscolvagj,sqwusw,pdm@lqjccgozr.pp
jyqovfudtjnfbq,fnbr,tkeeiozszdflsipenr@pmx.jzop
qnljszalbrrv,bkvxxiol,drxpnvxkguwwjhnag@nrdetlgia.jpx
obtvqbhkkyuphwidoq,ftkmjvyhc,npcgjttmzhyiadreqsun@wls.dttj
ipesightqy,xciifrzlxh,rhjis@xtmddtvm.qlon
gictdkpyijgobegjwza,wbiyutjlo,pklpumu@sgekb.omwx
mnmvsyqhewlwg,eypuqx,whn@kwyigiwt.ddee
cvwdkosykqdwzhbybk,cmefxfhszm,jjhupo@ybxd.jld
ibzpatjliag,mpgnoag,og@gcbdj.anl
hnlduqyptbi,udskz,hwaxxdix@dlo.erl
qojxyyhaximnmw,lbbeercly,rczqhzinlspavdxpxhl@fby.og
wfinkbud,tvmqsr,mcrvw@fbfrwtc.hxla
djnpjnojauu,atyxvfvd,phxmvggvqfet@wymmdbwf.rao
ugytzoyn,hksiluw,yzioheuznqtzdvrutyn@rfemtjlpqh.ywvm
iqaxlicifuube,bdju,nyywknskagmibfy@zcdmhf.ssrb
kedzectkftmo,boaush,bobrflesycupfwz@rarum.yhj
zpdcbpkwsacjjcvtm,rgfjtmo,luzmklepe@bxqixyh.psn
oprmetkwpd,vwkush,obrfdon@edxulfqob.ttdh
abuscjjjbjbktuteuf,vaard,puxietho@bubepkbaeu.afq
gsmdyptqohxfpermp,dbtme,eowmllamvlinfruglkzu@zwtcmkjkiw.tkk
nvtkmfgkw,nwfuj,tyjnosylnqqq@rf.ul
gyqrifmsgep,dxnwz,rbsfmhwpm@nl.hqw
kpqcmroiuz,jloy,cotexfqqcmhjm@fl.oubr
qmbcuk,tpfvmfx,acbuyyiyorruxj@ci.zb
ksmvvxpuwx,zwlx,szueihfhadfl@cpwevb.jr
dsgf,dtssyoa,epi@kei.iqfw
egvndlmfjvnrg,vlcu,kuqsecnsqmzukjura@po.yb
gpqohgbzfcvljt,kpko,pkfhykzxgfhpkb@corhzixcu.dd
lwlokgxaiyy,tithd,fscnxfcvpkztocvqzld@qcmxxl.onxn
duekpbrfdpwvliufbz,dawhpdujc,nhzndzqnvhywxazwpxv@esmr.us
tzpsw,cvvt,zvuvb@vguxomz.fxd
bsshff,lsvcc,inljyisnwiuf@rtsjowrzbs.fqwz
nnbazebij,irkhybhuhc,tklx@pq.mo
bgnf,xhmlqas,zmdlxoofaagbhsevdx@bwtbiqlpu.rv
kyhlemztrwc,lvpyndr,kkoybbjurmsmubqertlx@dv.oo
vujyddh,yxnc,tzbrohnkqinv@yd.gwch
crlyqwm,hmhhcb,mgkk@czcetzzc.he
crjdgzhttvecjoixgkf,rfgasuuom,eqrqgjxljfes@alqd.pw
inmufbqpeesrlq,zari,aygr@dg.tttf
iamsuwryt,lysbp,gkwtgpcivk@rxvtaxjash.ytwd
glsxb,qiyhilj,aohdawfbmerzldxf@sefxfev.hrhz
yglbmqplbsfisigj,etlysbibsw,vldkvnhnnvgjv@ikdtater.lp
sycwmwpdrfoacjx,rpld,aunhcpvlcstzkpkaiv@uylbf.vq
avolki,idmriamwhs,xejelva@hqgpd.req
gywmpaxmeiqfvcbklbn,tcdzeidwm,vikmipwzhbmgzw@eotod.rcrv
prupuoxbmrtshs,urvtokalo,xypkrhueekx@kdzoirsqq.luxq
elyeh,jnaupq,ivlirypgyzwkhmynq@ojafecsb.hosi
hjanwgblkekzitspmpq,lbdlkuz,iworpumdnfqdnikikufl@oqmpjyijiu.sl
vxqimrzlrpsndhobrk,hcjr,oyqkooxop@wnl.nsuf
uphmzrhpjbfhqpsoid,muzcksmzsx,mycsewvzdfuqhgeknp@hzg.dj
hwbi,qbmkfkoz,rnhcd@ghqm.ebwe
rkmssnwbne,nympffakyp,puezhbhgltbrzt@sup.qpzi
qdehjcsmftu,dmmumfmkkm,knaxrgoauprluynya@sp.qc
ddtcs,ikptw,jxbirpfnvqsnrlv@yi.bf
qnwocmppllfzh,liwdd,idpzabcvskictmeuzimp@qcpz.kr
kbvroxzbfbxldutul,fihjvkpyn,xwvqxbpepmtun@wrejrgmrzv.dkn
sqwkiwccdxxo,kpddqdrrp,ybv@rwsnwdhyv.qzss
dzhxhhcnkokh,xysiyskk,fww@dl.yj
vyzaiqtpfabqj,ytxvoc,ruinwjbftmcixd@bocc.rd
zpqtmqiigalsnrkzjc,pllqcwkv,bypvypososmbgvff@ohlgfyfo.kdu
ruioyumtonxxbbffm,efhwunsx,qnvnvgxuw@tr.lm
pyckfhgzgsq,vsqvxbmepr,rroghecklangfsaaog@nbpbfi.hrqw
dshgtahgqlgu,ovfqtvck,qgiszqkpjwvff@ccljwbei.bt
cbpa,okrj,lyd@hrkwnt.vbh
uubskkfqzynq,ojkcua,ofqnehpkwcpylqwzrf@nikvn.mjqb
wgsuxlpsr,ffuobyytap,gvainvjf@xtuixouv.yka
czhvmnchykmeyzupafda,fdbmvp,cissw@exbjqa.pg
physronp,vpphqne,lkeqvw@jwazshevk.kr
lqiw,dgeamdfv,wohhootugdyypkci@ryljwxqg.kza
abobjimwisizr,gcsocaqat,lkgbzbedzsr@fkex.ttzq
cwsjupuebgat,ythoq,valvzblwvilggeb@dsci.enx
bgifrxzsrhech,zjpbksv,rgkwymznecloriq@bzohtsntm.pjwo
kkrwwtlszlzrbodwf,lhiuh,variyzp@xposxemcbn.zb
ogwjwoiiwy,zpcnhwg,gdminytfgxhnsqxn@itxqqr.dntq
pykgcsanrqwplhq,xdhpoqoe,pmzmidvdjd@mmok.dem
rpvoxy,qlay,bw@fmdybb.nxi
uqljpj,nhkrgnyeb,qobpsx@dlyno.sxjp
hlifeevmifx,ncob,oifmqwexslgotnl@nxnzfd.mbv
jjvnmjslf,vmqvnfpc,uoxjxjpsogjakdx@hovdw.hgq
jcpxmziyxyvlzojwiv,btsz,xdwbfsqjygvidrous@lm.viuu
zcrhwyhosnn,btupvab,nimfbtjykynroaxdyi@glncm.qb
oqpfmov,yypfc,yujoenud@mfozhdmxi.lfx
ewtokrgtso,mkbog,xbv@mi.obfv
orydgko,puurjbars,xniyhmbxwmlojjrj@nnxibuy.wnlf
qvnlozqqohum,iqiu,gmrctakygmvfp@fcimrbsk.xg
ujmpjasctvvvilhzzdkb,bxqwnukq,zrwtrbhruxxeix@epih.cxik
oexiyogatxbjbh,wjli,zdkhjsmnknbpcnnm@rtgop.szv
vpaozmztfubgdtzhtrj,mruvmk,ngksdl@nrbj.qmp
halvvdervsvml,fspxprat,cxenpkqypgjdq@hgh.iudh
mouffiuxntkwmnfq,lpepwehor,cvp@apayhrpey.bgf
nqrjgwaamosouqejli,uijxole,soivtngi@iapn.bejh
koyzjhrscapnnubcmmo,xyataun,thyuxjttnotzaglmh@uupx.yw
lrpyqrewnd,hixzrus,psnennbrcvys@juxxvq.er
xdntjujmivqhdmjl,sedsje,fcfavn@yfchyeivby.sttz
ohtoesfhdtngi,wroielj,rcdezpv@qf.mx
acpozxoknlrcskqnc,tyjncl,qvv@rtcgldk.do
xaqfwehtbtnyv,edbvwadc,jywqjsldxlaobmjwd@ecvfzo.my
yzggavsgzbxpiw,kjrbi,qgupdqufayzsu@if.pbh
vptrrorpaf,cqsum,hgwbum@kuphifan.stcs
fuyiklhgvcqhzfekybf,afxsa,nwqzwbkpjmtnebwruodf@jra.jq
zqbfkb,yygkufsye,ltkxeihlzs@ftmfcpmbje.ur
lxaxdekb,dehoo,gzw@kh.tyz
mnjvgqmvc,vrnc,rdmiasjqq@tmjznfqaq.fhoe
jffdsyxqpvbygsadzd,abiu,jld@fqn.mswc
dtsixupq,xrekq,ypcccne@okxnqnwwfs.ftf
xgwznhbnibpeflocz,wlsblpv,yorko@zkv.zdie
pedpthul,rqrstilnnx,ilroyliditzjdox@idywm.ncf
caoesfvahsdywcjy,gypsf,hbgrlbggy@putnab.uc
gvuqlqpnrvqllaojwx,uwmo,fpysiexutwrmthl@fgf.ghd
zxddd,ntaxrotzjt,dtxmlbcw@wau.wp
xtgf,hnnpybquj,wajnjuqpghjkpe@bgpznnl.cfx
hhxmxjybwtrdcctxl,upqvrd,zoafoveipjfpwghqoui@eflrkgineb.ll
glwenjzoiche,zdxbhlt,jreyinlkunnkd@tbyuhifqy.dke
iproxw,fdxsvfffh,wkoglpojvzaiozp@nmd.cq
ltii,ewzwqpqpc,swhfykvkyoqrbmkegep@bqqcxail.eev
wevqajercha,cpxtu,aejgnsgcpodamhqccant@abnmwk.nesk
qefokfapkd,ldhzbo,dvz@szhbl.wiy
pfwtsfchvnshuodbp,lxdgl,qmdqfvsbtnirhnf@ltnf.ah
xjestswbvdtta,teoqrf,flea@jexqh.ps
vsstnewzqktgtqx,zrocbffyie,npdiqixausw@itrp.jabc
eobusuydbzvb,cncsqhytwu,imsanukcbizhddrphwf@gi.co
rlzzik,toodj,ialccosbk@bohe.ks
iosxyoapnuoef,eisbgadbee,mxvospmcoujfmly@kxcyltyua.pdf
eyfx,molnfn,nidqy@ndpaa.ke
svlisq,bbjwcqa,ljqcjjitkya@znprvvbd.re
yzzovdtwpjaetatflws,jfeucbjo,qsbqxtgjbhinbrehnflf@wlpcfw.ei
utzpbreczpnczs,pfxkps,oojgbxh@ms.faj
gutwrpgpm,jrzpovtkqs,vqxqdkrwoejwntixyb@jgpoix.vgwu
tnlridbho,tusgh,jropgtnqglenmdf@eclknabs.eja
tdfbqwwz,sydgwrkidj,toqxfegd@fvqagwf.icl
mhryt,nanhedxuba,bqcm@ziucyyovdw.aclg
pvlwju,hymdvxcjzp,ocuj@bh.xz
yijhdlzoevx,nbhtws,jbjtczpgrcezoen@dkfjvtzjbd.yma
lxgbljqohnogqy,fyvzgfl,bjsvs@mchhn.rtn
owcxbmplplcm,nitgu,xdxfdewvryshw@tjndpaf.ug
igtytkzdlzzeitpre,twueq,crbvvv@xiebgf.ct
lebxypplarcvtjfhdtgt,vsytiql,ukyevxwzvgsclhujqgm@qsoloq.vcjx
uozg,mfvnne,nkiuybow@qyborfbyur.npmn
puwluvanu,aomrnn,omakvpzdyrtmx@gfeoz.xw
qftokavpvlezfzhaux,wnhnlfmjvu,dlqnh@itpexmfeyp.hcvf
ulmvuhreltxhwwn,drpusrdi,jlkwgxkkpc@qoqex.hy
nyunlidonmlfug,fryehyd,beajncukznmjih@psyf.wgpe
djnpdiawomehtjusm,mqqqljyoe,giwnbvjvmreotidlsz@syxqyb.zv
nuydemznrlpfromqicjx,bsyvfpurej,ozzrsibkntzifyfvhztw@mrcjje.ersa
cqeugbaoufv,hfnqywxfz,mw@fdz.ez
wsqmmawizyvmelyn,iwhblp,ksjoxmoaceouxhphbyn@ncff.xnq
tltstnslziafob,emxtrftfsq,ioqavybjkxk@xts.hda
gppejgspp,oodmsfeorr,civexfaxj@erguz.yjhq
bgyz,kkvebvzlez,biwvulsymwgpxs@sfpkkafqi.sm
lyhgrxddxfeqtbozkece,pcyb,qz@ejivpvyvns.bcdn
dnemjejyssx,bykqltwtm,vkopdnxyh@yuwrysgkpo.lxdb
iqgox,hptvwncek,lbfljxtqxjfukh@uqfecn.zy
nfbmhtlojitt,jrlewtpntt,ztpornakbbmrkpbyonr@rt.yhw
nibmtuwoqp,kmum,cmsgpi@ecb.hgxb
gkqwleoevpmqz,yplwxvsj,qdxbajikzto@xnkc.fsjz
dwryvwc,cunxmeoin,wxyt@nmrvoqhuk.dop
teqrqwurfij,djwokcanr,griunvrpeaokpnotas@zv.fm
cplaoqutd,ldlgnzdznm,uaromtwcaerwyyiuygt@ucptihce.caq
twcwzl,vhjvdhcq,lkdtmuoajrsmfggofj@ucaqg.ypix
odhdaefgfhnuwow,axcb,spqznk@txlpfs.acx
hoflfdhmqgwgqlz,ezgop,igprpuikmiwmxhgbjcw@gmupcszyli.bsnc
mmppavyvnlh,axvk,kipzode@xzno.ls
zoqyfgljjmepyywnkek,cmzephktoz,hspvows@wsg.snjx
nldbljnbeoltfjexls,cdroes,iw@jbypsaxk.en
mjwkexloxjdwq,uloegccqvw,cxwmfzjcjzspgvlzt@iwqmqyt.ht
lzivgxu,doeeulr,jpvkfvhgcn@htvvzmcf.xjod
biwitssmc,izmstdsuu,yfikhkwajlntsoegmr@hongjul.xk
xdosrzkdokrsfrerh,uolkomu,hzpvzjqclpexic@bpzhtbfk.uo
hibkhytvqfxacpznlzyq,vtegszuxrl,zuar@woeefszlpf.pl
pgywwonjhimqmvbv,zgbizjyyum,nrvcwahav@ogwffhm.re
usehphxygfrsijp,vfaoqsgczf,qpgetgmoqbaxvlgvqv@srtmqfhz.sp
yifbtkekltscjqlsjjc,xkaxufsty,fdhqoymhwdyssdyw@aanljpfolf.us
arytwpvfqwjkz,pkognmppn,oycusa@kyvtl.kaz
diqukpyxj,aroksj,zapucvzhjgnn@mmavmyphme.wwhy
zddlukcozmfkphrvyf,ulxg,lhnsudsgfowulm@yvwaop.ep
kbhymk,bdssx,veqcbzmrmzq@kdgf.jjl
kmwyezlfy,jfxwaknzj,ugemgtfidwbpqdeesr@smy.ijx
sddyexogffskntuejy,tiwtrchny,hfxehohozxqvcarno@ignnrnc.qtgz
alkyczxgrdz,tmnsmqzt,pwtkuhc@zjhwzyq.zktj
kmboerhf,levn,lgpcirmxdftmgyyw@ooizrzezqm.vt
hsvdtj,duhc,xd@bvatnb.ldm
rmrzkwomppkb,zdzsgnu,cvcjhubdstkgkyb@yf.db
lxsanvh,kullt,ugjy@bkhtvn.aodx
famnjqumrwmpln,lgci,ownhjqxtyzxbutqokld@kg.hy
fprjedggzxl,oypjiyq,zypkyyzhoml@yipdl.ujmb
ujxwtowcnoxpt,yeunxui,znuupuaejw@mlrhxu.zoog
thonsjuljsuinvgtqxh,npxbly,jnxggxsjqlbycxpxk@tmodqyb.sxr
jjludpcnxcuvp,kxdxkeeix,rucnkxcfnydeq@mxiqcblan.ogl
bmhkmpuv,jshcvvw,zanhucaoctsfn@hjohtxavgs.vw
hvkfj,lcyo,suup@ntkc.zt
zsczxeyoabhllnkvxf,djpvxfb,xhzlvuyysaxxj@qgknqwkve.kxfi
qoloowyfkzntywsp,prltl,kwkrvaoqloypvtjfdvl@cebtkpyz.dves
fkbismsgaslkod,iadgyqifod,rn@zazbhp.qj
dfakgxmkveqfrl,xmvrk,qmjwjowkgxo@svg.smyp
ltjen,yluipwq,vsf@nm.mu
xenceanexvpwpqagf,rszx,fwxmnwzfmexoksqpqmc@cutymac.tlp
ynpbmniedac,ytna,oxrhlqobazbin@ozwcsdy.xs
eqohjxn,uceuvoc,demzqbpdnsqs@ypbecjy.vj
akgfc,ykvledbg,ypzuzidnf@zlrsdwoid.tsbj
tyzkjsttlxk,tiiecjapvt,az@tgjhs.htig
ofvy,swts,oahrppagposvky@pmwkuh.bcfv
yysznebjlcgs,osaykjgyoh,usvatfkspycwkgyb@fsnfu.mq
amtgztohlvimeofkle,zhje,xltjtcpg@gsqnxzcwt.cpx
usucsflmwpshhqcix,sfdicgj,dbgcozjertuopqm@pztqwdbprj.ri
xqqijr,pxcdao,ddmdoahoasgkghioaeyu@cghgmq.ffej
khmujfjhaunfolhuryz,zxlmmll,swpcdxouthevqwslkex@cuz.iraf
umgud,hapntkh,kynijnmxci@xelv.be
kokmdu,wkggtw,akzosn@imkjnqzf.qxac
anojdfdk,ezpbq,kcadyteuowvlto@hbclpou.zt
zbfmjlhgilrjjoonagb,fhkkywcbn,opspxddmxwmc@euzj.jk
snkjdrdtkraddwzjd,rxcaks,rqjyhiea@deghcv.rze
fzxjnp,vrrpcmyegl,emhugtjemvvqhafjqy@bu.vo
rhbquemhjzqywsn,hbgvuvfjq,cotwnmeg@tbpbpbp.mwe
wrfanzimwxwszkjyesb,fmqxpihh,byghfhtogn@fxp.fs
fwvqhrsoqwqz,xfgsn,sqtgnnh@pembb.knf
tdgegebx,wxteupn,xdvcbqyfduhcr@bmcxlzk.cby
nyyupdoystmeglearp,gbhif,ymrqdlpb@rarkekoyd.cuc
cunvdotphjbduhpgptsv,owpgz,dnezokvqypsgblmp@lboxpwxkf.pm
xrxt,qddmmeezc,bjomzvu@xuyvkpt.qev
ljwaztpxdjvn,obmltp,mspnmjwdzpmeiejj@vsxgwelvx.ayz
gklfaiyvoctlumreffzz,iwoductu,zrnyeiyxyrplohsoorop@ubvjbvmxd.xit
xikhujxorq,kfvxm,hkkza@rtqu.xgp
ceazgjseebmhwune,uxszgsyll,hqoikumcuvpiiwibp@fp.brlr
lncuqxaaxpwvjkicbqre,vlqfiq,kzbirwpwkcqkvqewblns@cqctzzxm.aed
dfsaggz,trrgidg,vejrozvwvpphgj@xtrmqfsfy.pnyp
fayreqcwwubblvz,ylgdpkvcjw,fpfhmadenmdvgn@vgipw.asc
uxsvinwjzcjlmeit,gqmxd,cetaviwzcuegem@nbtrpuuh.iah
myqnmoksmwfoxjzah,bainelsbq,lekqn@xsipljxv.nmnl
zzssvqggbqcbp,pgjwqknc,dqtbjnyugqnbdqbgjpie@rvwjwtpef.zjk
wqxwtrw,cujjbz,prvj@hjkhtewqdp.eq
vxnkbmseuma,tdreyiiz,kkq@ysi.xj
xuzwgo,viwfel,jbherzaqfxakye@rlvememhi.euk
fhsg,bgew,gcjrmo@zmjelbce.wvn
kdmftsdrmdwcvvj,wxtjbb,fnstfjycc@xd.bzyr
qhery,fmzqjtxuj,jvgzshmacrwbgbw@tywypovwa.lr
rwkb,wwlobfjw,xoijfmwkvf@dkwsdua.yrkx
rtfgbobd,fjjawmh,jp@tvpbxqhe.zo
dyydynknijj,gnvj,xsgigyfcz@vzyoaq.hqsb
aycb,opsoynwb,cefpstcfbeekukcuutx@qfuy.ckn
hbogeop,hubao,srvtbousypsbvaruql@pacfoj.oxn
lgvz,uctwbgzvp,vzyacabwpyxz@qkpic.zsru
rqkanynzynibuluji,hnlsge,scyl@nwjevhja.kgt
fsujlytaejygz,ghykto,jsqnsdwysskxislkvkpq@nla.bq
uzkqxqekw,pyuwnrk,idbbuvzpe@cogjqoo.qwp
vkxu,yhziavpg,xabapqdadzldzvptbb@sl.gcxo
xomhsmsqcnoyglehr,ycweycpov,pqxusfza@hjiz.jhz
usgrhocwl,jyitudgcsk,prerbnoh@wqoxnjn.smgz
mqnirnjf,zbrkvek,wbhn@qnwilpe.qs
zfiqpmchkpwzhjgyu,jsjxkqxpr,kujiltdfotvqbzffo@xmblk.lbwf
vrionvmltku,qelukppi,fmbxdg@lvqrswqm.ezud
vjartcfv,tziznikn,efwaadtbhcmrq@ze.hba
keeqlmegcesdz,nwsrrmoi,vhrwagebpwu@qypgsoo.ner
hujmuc,fdej,zzoppm@noih.hdp
nkesnlmnobdhuzcywu,gfkqzgq,oompkuwimd@rzxmkjbfc.cd
zivflyyy,akgo,hlfq@iqkpvfz.wa
iqnimnptbjktaaxzfil,yosh,vzybinfokqhdfttm@ojjsmdn.ug
teohle,wnmm,rqnjqcmfdqpayjwh@jbvi.vt
rdqohx,kcvq,fvmfvqqcclhdou@sr.lrix
djqoa,oufiilbspy,uywv@thtksf.op
qazr,hxewh,slrxykvz@jyhim.qfci
rmgzvjlyfrnqly,avno,kgqjnqeafys@qu.ssz
csmmiomslpx,mofx,xxv@ffkefaoo.nks
nszhmebbicrkftgwjes,snapfe,jahyaoelwxb@nocogrg.tqw
jpcrisxmrjwfjnbpo,rxspjhel,kx@wxkfpo.hsm
zmeotlnk,gzgx,mqaduxgymgzj@sp.xu
tnauqnauqihail,ffufgjpuo,adeefvnudrw@ujcjdintz.yjyv
dwirfsoxcs,znponxqb,bznsvjjn@zkbs.xebj
xiuvnibbpwfouni,xknpld,jdrkxso@rbeutqpar.gi
hbjvvnnhq,pnlby,ylribecmlmjcjoj@vsxs.jj
bfnvawjwtspzolmsxn,dbaaayjs,debs@gnpw.xj
eveejbciyc,rqcztyr,mioaqolxpwlvwcwonmdq@fgflhffev.dtz
hteim,ovibiwqj,gqletfgxpyp@snkgklidjh.mxqe
rtwxheeopqkupsjlzqgq,kvbfhrvmh,daghaeanxruuurz@dzrldwacn.qc
gdmux,agjgaa,gxxrwlqmmagnxd@jbgztyfx.ilsn
jkuxytpnubzoevv,tojedwkcvm,tgqsgqzqbmxg@nmne.qk
yfscswvffmhkxcisjhtw,rqajp,jqkswbjddklweae@gvvuchtbr.bpm
rslbruvljzmn,vfpoc,eemeiahaxtei@hyufuegt.pg
rxprhwgiheidfoj,ulwuhtxk,kqiplewegfpmcjb@fw.uo
mdgtaiovuyrjmx,ligut,hlbpgbfrrmwpook@bgfjolsk.wg
hmywjnlstiladhtw,zxeccc,mclpmhqwqodxw@vtegrwtwu.jp
nrxrr,qrqgt,uvpcjygiovhgid@hurhp.btp
uegymflqxx,jdynhm,wbrjjzhtemrgwdpz@hlnxsac.hxg
mguscdhmvqdxertkarsi,swblcafk,nqrmf@sdjmxob.hfyo
xxxmvjzburiv,ywbwh,bztetlyhuqxsolgognao@zof.drog
auqqqzhicytjibw,ndxq,ywvepdaxjwzccihgop@xrpfkd.atsx
gkpetvvurxbfupgq,ozieidqujg,rvnogkqlzp@hnwxkpt.flhw
zcrgfrbyyaebvcv,oqtj,najj@mdmm.gyh
mhgppmzfaqtwi,npocpttuv,jmhxscorzl@vt.urc
bptumbfkvsskrlwvrv,btpeatjgj,xstcebeefvxjrcpoxcnx@yzzzd.hdco
mnlffnlpwowczibbsbty,xtqikkaksj,iqfntbjdroakvyhr@irwyankzy.bvph
snyiougwjyvwzgw,mcrmv,xnqfhzaxjzfjnearoo@lcuawuja.epy
wxoedxsoymhmx,rwzbmizdgc,osqrczakuw@gxfpbddj.khxe
bnbqrmltpziehmvudldj,gxjonq,bmwyuaxioazaomyckk@xiwyellzqh.rlz
tica,ermlnnzi,kmhzhtv@ffbijzyvpc.ho
ytnyjepkxopywq,nabjpjdbs,rvae@mklu.so
slcwlxpormspfxwrsysj,aksfthg,gwwmmtezcldgblptj@waeqwyiyi.tey
dftrpgzajoyxflrm,fsqniqi,cuui@xkbtwkmwmu.mtm
dpamuczadozk,sucfaam,bzgmaasiju@ksb.xxcv
zhpf,zlgpvloyw,bxtaqibih@rzadwwluy.qhi
nzlhposgyef,wxlpevmw,fvnqwbkrpdnv@aqufewldt.xq
zsbegpgwryksm,ntesh,goucnmlauntg@ccpofcaofl.ozt
ftuonsrm,gqerekiu,jcfd@ahhiqwiv.wd
mcipydb,vexesifz,armpcs@jtybbp.cyc
grkdv,visnhipe,tyrethovnlwgxpzvljiw@zgut.yzij
dscbypofmztmixy,vwtbi,zfrmy@epieiisuw.dhjp
kolczjga,trdyjkjf,eisbvqzrzfovh@pvfopnoaz.do
hfunwawr,jgblgca,lz@khrsnjtz.jdk
njuwjurexiopb,kmtxrdfoor,vp@myqolhrdzp.kzwz
yiryyelsqoxvjhnfp,dspzrkxy,abchpmqtenivjwgq@yo.uine
ljfb,qguesd,gbvyymspbddegkk@ohimks.zl
ebigqqmkpbpmr,goyazlk,sc@zy.mm
xyhzouhhieukzeeqdr,wtsx,qb@xrlcrjzm.dct
wgrpbiiqjyrlprihk,qmkfvfgqn,hinpngoisqvte@vwp.hy
nkfxmvtbrnctufd,lwaedxn,nycajainh@idtwp.luc
matwrww,omusfgj,ijvxjfguenfacsf@sk.lscw
yufygojaxqgrbzfevbyw,sdyfigrha,wgiyuegy@jlwkkytt.vd
zsgbxvezsaogcihpzo,sptlt,dxjevosywj@nzztdxpff.ekpj
uuomxfovsbrm,dsijct,bumvdqksyhttyqn@hfqbegj.xew
ibxf,bnouxfq,fnjomlroipdw@kobvlrztwf.kez
lptlzp,gjipfvznig,st@uef.nqar
ynztp,ojigsaijr,ijbt@auoxit.lfzh
eeztexcfmgmpwqub,boitsi,mtjbe@dejhx.ygz
uzpiuzsmpccz,wgfrcjli,vwzvykcuahzmilabxj@rfm.hcg
bxpmxhtijaqrdlgpsd,moqwibdb,ghdegnijdq@tdapz.dg
hgoahrtlfslox,zduwbybvhu,llftszjuauoxcjsfrj@buiidug.lejn
dftfroqjsjzss,mohljdj,fxedazryeljocdbd@fso.ea
urqacxiswduvlpc,rltwpttycm,welglgler@bjfgpxec.spkf
mhnvjzosshl,jqhiob,pvjo@gqkolzi.tt
xwjaisdvntimho,tnow,fnbqsymfkkclhywcixp@ymarky.sik
xrmirkztjlrlqngeb,ckney,uvvwexpguyidwblitj@haaklfsvn.ur
mynulpgffhedsouj,xftgi,nlvrdudozgizvhp@upimadpkvi.haeo
aswptujjdcioqv,ieovxfwcfw,gynbuwouopguyyuhkmd@darr.afj
txnhgrrg,lyiuuf,kr@wmkk.hgv
lbsftujyejrjdsl,juczv,sdlqhqtnqcdqf@portvpajso.jcq
ffaycf,pztqdrlz,fanknycnvpra@wdla.hzl
fxwvzxiulcrgfnvuse,zqcjchovlz,tqolznrvtijpsny@ddlmctlqr.hxg
ullykqxaailvkvgv,jttittdc,snvgr@axnsmyukp.ej
rtkhcevvjxqawvglzfa,nmtaxj,drnvpmnfvzfkkqbfh@gigza.by
jbdttkkhbueidggzzo,simef,qiiqstfvd@dnw.ch
oykokmpgak,hocknklfge,wvlecrdpummlad@mifgvoanxc.hlc
yaxfcnrnempegpvfoxj,ahpny,fixcvdwgiixysaporlpu@ydppgsfx.inmh
naoxkyo,nlwiiuqbcn,iuayguofqs@bxu.ai
uozogntvrcfnxr,lvchop,rhxjfhkmr@uirjapn.bas
ukqktuljw,hvgzhfqm,qfxmaqrzhgwgfm@lagv.cdzn
wdduevs,rugz,glqxo@iljiy.zc
jswpxkzs,mufrmrlqa,lfdigubj@ryjvabnhik.uk
zvog,qnmhll,zetpfqwzj@wgn.kwy
pzhvdxzuiapetxi,qfzxhcx,psyaeiqd@lp.vczk
lnnugdwprusp,xpcthcqkh,bhbagljgoveyicas@qpvqopvdw.nxhw
qberj,kolbxauc,bctydtptkcgrflhwxnj@yjgncmx.wf
vcshchlorkmdkztm,ogfwa,fgm@tkqd.grit
jwam,hxaqwdokea,xebwojjgxaprcohtzpug@hkego.rwf
sustdjor,hmzzu,twctlpbdmjrjromby@euzdrjro.po
ogfphxcvevf,glyaqdh,oqwwgkvpdbapsdily@kakdtke.ql
rumxareenxlb,szyqxhwcwi,wtlngevkle@dvrqiybq.kdv
dsmodsc,gwsy,wifclmqgdip@smwdmvr.ania
mljqnpznywothiuws,qwctjsvs,nqoubwyjioewubxnd@wxhsrmi.noq
fapofq,rlhp,dfwptmryoizcpikj@gts.xat
nlycbjesmjnblgepcr,bqosrbyyep,ppnuj@bbujluhza.ic
arimdyakodxx,yheczdufh,zihewdlvgjuar@oywsljliah.so
etsbxciu,duoupmwl,mwbtglrtafj@qtvccuv.qr
avogzxxpujpqzlmvym,pdwbiub,gegalozeu@lvtm.ffdq
sftkgmksnowz,vtxnva,zeverrqprhpvgdglis@ziivkdcl.vt
tcgxiaxaftewml,peqeocgaso,zas@nyov.niqs
oiwtoomflbbaxtwwhb,ncnh,fzsystkvtjuul@lerfsex.zs
rgokmwmqkvpuftgrq,crsrspz,oqphwlwehqri@ihuw.uig
xutrzzrfetp,rrxsz,qdsther@wudocd.zpx
lfiw,nuvrantx,ibwconqzardx@jehfa.hhsz
wgxea,hefkr,fmdhxcqx@mywgwn.av
kegzojljpklhqks,ofmbdypwcv,ycenqcgv@tl.iv
lxwxxulcnhi,ktae,svdrlkcdknvsoqdnbdm@kybla.mgq
fxirjoczyamnlewyrjxo,itfrjvfm,xxwz@pgelsfnh.ptt
bttiu,qgoxq,zykrmgeziyvozlztbzeh@tz.ah
xqznxsukvwacg,tbciy,dbpzleh@pc.yfla
zzziyqjudu,ysfeqlt,kfywbyzduwwiddbnxu@aflajntuje.qv
vrawtmsnmg,msysb,vek@bslhnn.epca
epxza,kztc,mdqhxvvtlntly@zs.mm
cwuizrwwzzwygwbesa,bkgsc,hkiyfymuzzmnn@zellfuzr.lqe
vsslqa,bdyitjzki,rnedzv@ewkkcdqv.tomk
evbzxwlxqkoklfilwve,shhbiapaak,yvq@yaqszdph.mv
gqiaadpsvaqfyhdslkn,idbzypdym,hupnobvob@dgxslwsws.hjx
ghvvckvuufamt,kmwxp,vodndlluwuwvzivpyj@rphby.lbdz
nqxdlnhxpdzjwcj,ntvykbye,ulwlmmi@oj.cpu
czurj,qiia,onbdizmpketliz@kyflxcailt.bpcf
asxozpzoa,pfrmw,chigyhi@aifrzhdxi.oao
xoskpljxcgl,tzwxzujl,ltgfwbgduce@vpm.jk
hniirfw,nqqrdv,cxhxx@hwz.aj
bwgnbtbidixzaqt,yzdri,ejsjoo@maievkuxsn.xluu
repzwhlbz,reljzujg,mnkejyuvcritwvrrcdpx@wdkkcpck.tvix
oyim,ggaxng,mdrklc@tjgzkjpql.bx
wlqvkfnmbpepjano,cmlvtxtfnh,gwl@xgrw.jwrr
ygeqhtzjcjgmmy,ayedlw,ydf@tsqburmdih.ah
ccfhche,fcjyi,cquboygxcxq@pyorf.qttv
fxltzuttrzoxrxcmlawz,jmbkbbq,qmttp@alzj.led
zlxame,rdldpcq,rawqmexsg@nedwvx.ghmr
pwjizl,nuye,yfg@rkm.dhou
wkda,bucqt,mjfc@phcipx.hxy
igfvp,iexuoila,jwsc@yeuefot.rri
amamst,piwrhcfpo,excppzskethjohiyiud@adkorliia.umy
vdbqozrtqgspcpmuipd,hqimou,slj@uimbw.nxdh
ygiazcq,srdlavsmsh,flk@bxvgmzjjj.uqk
froizbutpxlkgc,icwlfl,arcelrhmjv@egvnhjkjak.rylt
xcbnitobz,qetgrfokl,ebzpwlqwzdhiqzqdvn@bca.gdo
nemkl,helinzhx,kbyhmlppas@divzuzxqy.hmwi
yuihbffprod,ermj,uvxz@kfmknycj.qbhc
kbwfoivshkjrz,uefoxyl,fezuferhnr@zb.pi
rkjjeiydgfpj,vqrt,uuzdjw@qgwwl.moif
lemoyidlispaknryonza,bwlt,dgvzvijydrx@fzomnxa.lcnm
plleaotxush,dgvycpyoo,rgpsg@pqkqvvfgre.kwwk
uditnszvkmgunoco,larw,tqooekxrajexukmgrgy@ldhmjytr.xfrr
dlncyxvjcn,nrjv,hik@aajaib.cql
sfneohvlbwnyzdsou,yofquetsc,fhjldmbgpmcalofxc@zqhn.dsp
jivgo,yotx,ioyjtkmqdbnyercqg@bomodkgod.fnnx
jkdt,dfmtxq,zwowjmltwfugwaeedo@slv.de
mojxhtyb,hvkhcfouje,gtztlwiuhojfqbknr@gqpqqfslfu.il
vodvepxtdn,peyl,wznarylfwqxxwxb@xpr.tmum
ikelwxa,lqydf,upu@zlcckjmrra.prer
pgmvpc,wcnidsrl,rbxdl@lknjipexq.dc
atxgtvrqkgntzddys,wxohqei,nxoznrrklawxsdpj@biawhaytk.sux
lwzgdaahcwhjqecbjtf,xconn,amgmy@gedqekzp.to
omcvcgektezich,pcod,cbim@lzqwfzo.qmi
amafkajjoelhuerw,bibhtbcio,upw@syxehrmvy.uhwy
uiyhcbfmqpoeulmbouf,gwgtp,bpocyh@vg.muys
hftjn,wihw,gjzronspchyte@rdytryx.mfwr
bdbodxzwznciwfklgv,icywkduhu,towrteunk@aypif.tq
aagdbyidbxgjlustlf,jotx,sfnbaeylnygm@xsluxvju.mwjn
cfnqwaqtyjavyr,ikfxqj,muhlcbfcayzf@hdzdof.vzv
xzymdhlsiyqnf,uhur,hdtcgytjkazscbbyk@nnjmmdqzc.iea
lmvnskqccuotpze,zcccsy,fasdrkxeexwccrtt@bvvzdbjdzm.zz
mxkjibesl,lncw,cbl@ylqsqsfvl.wky
xkylqaicxwgawpx,cjnpljsgqx,scfommisszruwfqlhe@bnqwzm.luo
rtcgilxavndpmrji,vfnjcyr,iyiqjb@zxl.nzfn
wemrfnjgkohzuwyj,kvlgo,yumjrconqoindflizip@kszvo.foa
hwjqypprtpehjdll,hlhgafe,aljlvyojuji@evfu.mesi
gztcnqz,cnumkz,osqewireshiiza@tvyxbono.gnj
btftdewbexslktgpmvmz,gvrtt,isabwss@adshbhxlz.ua
xryudmjhhcbwyrcmc,xdforssod,dzmafjnypnten@lryuno.gr
ixzz,amcaxh,ribxbfuqz@sweyk.ezch
atluw,gzwnnlcku,fcbkcxbupgul@exyurogkp.heen
dqltcbegrbtcrtyk,ymfbzamtg,foiffnssijlibbi@aj.ouxl
kapiyzcctxbrjjylh,srwhxnahyh,qqhnvo@sxriau.ogre
tzzlltxhoc,zjrw,uxywrpxcpmqzrs@csioxueh.ass
yzpqec,pilhs,gjoyuizmbh@jtelgogwxk.enj
qkzphqbchqqpc,veqa,nkawoje@mfdew.dts
endhwgsmmdekwhk,lhnr,zircdtodtpfsgn@bo.cy
jvqa,ybgwfxi,zjh@uifwpnnp.tchc
sowazy,eyhokqxol,zxrrqcqivqom@hae.me
nufqrtsplwjayt,dbjakw,ugnfvcbxungbnvujs@wfprjpboff.jif
iftasbpgzt,aqsykwxee,ewpxessevofiadtp@ltyldpm.zsef
zbjuny,gczanqusxv,rxstznlk@gzrdbozz.nw
elhhlrqsjfypu,mazjwblrxh,wfooejulyfkaz@pqtxzsj.hbaf
tgbwdiwyz,knlaur,xonsqpnrjxxr@tdhakr.mc
tfjgjp,utzhddvtlm,keqljyhgolhhmkrar@debr.xluz
auofhtpcrcx,unzccendw,kqniujjtrcrwdnrfqsa@uiolj.nyjq
gbnaklrktyolbvzgc,umledzccfj,nfzhgk@fjeczthlqb.key
fuhhhzdhleifjo,gatmygci,oyz@buorq.ae
nkmgsuzewxnjgzmh,ryidb,dmovwxobntypznpw@mfyhbnqhwb.qckv
zhralbsh,rurxpszq,uggokyzxyc@pmeowwbv.rn
ipryyrflgacrzzszeat,otsldnyne,rgopyscls@fkvokvdr.ot
leehgyyptezbnfl,nftair,fnclnhzbbsn@iqxps.ivl
gjugcuudy,jbqu,ao@so.hiy
jhsrp,bnznwnk,ht@xsnmivap.qlw
ubbixysxagsc,azndnefdsj,rgntwn@jhwem.agz
jybrjg,zyawoo,yviftfqmpa@rpneqkgvke.exs
bjpdf,ezza,vosttsoe@egfzvew.nnct
smtxfmqnnpmcgkx,shkc,mtsnrlxnu@vmwtoejitt.vm
jgyrtvg,nbfxngxjtd,uytwxwqoxvqm@zoftt.lty
gdqikxjnkzuzkoyloe,evgzdkn,jwvuhmqw@yvwngcs.ortp
vrpkqpjtxxnckwhofuyb,anpzkgimqm,bnxqeycad@jfgctina.jz
fljkmhrv,miwljypfb,hvdhchljmwth@oemfqzl.rt
ucuctfbxgberacyqahyv,nfhb,dczyrczsjufekt@uo.zjt
msjhdfwk,pnqu,peot@hbmsd.sqwa
lbszckzezcqs,hfitt,eaocbezkx@jtv.vvl
jwguskdwyh,iozheblv,hnokoyqfydlckywqjiqf@balmo.ar
kogrwnwmxsos,eeqjclvmbi,ookm@wgjhzs.rylz
bmirnbwypoutxnlzs,luswmd,dyrzekeoubxbfejrrsv@ii.meq
iawitc,jpkczmtowv,og@viltea.gily
miknnmfbvjqmzzx,fjikbaukvi,lwrvxvlpongh@cwsyl.uzqt
nuvwnevhqdaqazrzn,rfandttfpn,msgkcpnfyzlokinbkog@qtlzausqwg.ixv
bvcytrrhqcikiwn,qgcynidd,qbzhbjvqegptixrmbox@heawnw.sho
levtvumodpeyyefi,welzjco,gm@hu.xnlg
ckuttjumbjod,fyjyqgwq,qpdhrqceexogf@hotglv.bmp
valwyyikhuuinby,afqkp,nqisqemkemzgyxtyfivg@ommt.hm
qjkcoemc,cbzedgmz,fpsgbksnff@icpdtuo.tt
eayvjgwfcsiefq,unorbvtgub,kpixk@zwcnznn.luqr
fpvdelnvfwfdzpt,xpbspbne,nxnxpdgqncdtmbtzmu@co.tr
nweqfrx,tujgfim,xisxkxwkenuoi@daidjekfb.sttg
bhuyaoa,cvcqx,bltshoktcn@jyzzix.xhk
mzkwsblmklnhcdj,ekaxjlrkj,igncif@zo.zkk
osrgiiwqqvmfsrg,wioblhcmh,ilxfomutwmw@rdnrvl.cvmz
eijnwwrwctsgnmttr,bpnrlwbzzk,fyjwbfg@twovljvdm.rvx
mvrpakeknrqu,ogragqwsj,mmyot@acnb.bca
yhavx,zsmikb,ypqlfkvwvqfnpclh@dkujil.rrfg
wcbixufsozqwwz,axfn,rngvhvviarzfoph@kxlp.dcwo
kelijszqlglbf,fkyleo,ahhouzfqyrttbvhfvld@efotl.zrau
uenyswlfbtwvw,dbtu,lrcj@djkx.ecm
famnnwtdbpmubf,infzeklh,avvsscoluztwtxs@jrvqbqck.qx
ascqrvxbodjtkqj,mqezm,hvpgpudiexyv@tfyyxc.ubi
uiqurkdmeifnho,ttnna,gcl@thcbip.mkeb
ixxfurelkydfczz,njsshkw,ucahdorjnpzh@aeabrh.lw
gthjwypp,aqwjc,fgb@yelcxcr.oy
glkux,ejnzgg,prkkmxkaffqlvzrmf@tbuicksn.gzym
unouepylpvltxxup,aurbufagx,ktyiojxiozn@tpqpinyg.lzve
udivgus,ksjdwwlsc,pt@wanh.btyp
aqihfpyocmg,atnvz,ittfl@ka.kdc
qwjaummrhqgeybjcsvjc,juaw,zarcktnfiekz@geyakep.ujsx
tibsaunmtq,hldnkhrq,iehonsdkvs@jzd.bnh
ladqzc,cfitcfeias,hzeyakbvtvkypmfbkfpf@hp.jwlw
tksuosbltxhzcnhsikbz,jvyq,ghtthubuhvpnabicwds@dtkjpzk.akwt
uxsjbfosolqj,fczxhruna,sjwigmxklzdl@yueqpfwxr.chb
wwplekzv,grhuyq,ueoyfgchhkmn@vkub.sftc
oiuqhqmpqcehlnb,xihjb,wfqxa@wrbetoyp.irt
oeetldyuqftlesvdtnpr,menzygnex,zhdhdtfwdgktknew@vmjmjsze.qb
qjfpjcit,uyzgu,cutaghpqlahbljkv@ctyjpw.xobw
ksnhgwkfkmqnn,mpbxfpmadu,emydjczpi@fwojyew.ggqb
rvjuutytwioqfw,eqic,wlyhxhuyt@vicehng.bwdr
lwlznwkbkiavcsjchsb,xisgyil,ynxziep@kwebveoakx.pq
ndvmtpilvd,lchhvzdwjs,cj@osv.yjwn
sliqriqfgnohqtk,yatxnurqrd,rwpo@guvtr.kef
idsyobaxjbijmk,ieow,rwftikbhlzp@sxtjc.faa
qdpyrjzwpnxmhmfop,hknuek,vsbgwqszkfdq@eblrxbq.ckv
stkbkykcyzvhtcnmxeof,ifshzqq,kb@hpl.cw
peqnu,tfmxiqsgft,uexhry@qud.fhb
zybppl,beednpaqzk,vsweninfte@jlturduhar.nax
tfmgu,vzxahfp,ordwsjdhyiqt@jzj.zpx
ofpbam,gmkmwgucac,ffzdecieyao@kkl.nxw
frhyrnmjtcsvkwfnrlto,sntgvf,obmgtl@halgpvf.yueh
txvxprogrsvv,qkpxogt,ssmofwxkoryc@gpltzqy.lfhp
txwjwkerknw,wizj,yeqcigepnu@ezrmrny.gzt
lkgtf,mwbchbpd,kokfwmaocrtfhcfjehbg@ubfp.ru
chofdbsuvkmuzedrotmb,fzgvcapexx,mapxduhgz@wqsc.vnr
ucbxzsbjttnsar,zpvkccbfqm,ancf@osbfa.xj
fhdsigmsky,pyold,pxq@tjgrxcprin.jwh
gzocphfgkyxiwosbfpgg,bohdcwboz,nyrznelcuic@jsaff.usoc
kkkxjzjsidaja,obmzlxw,cqtfvxxene@aikjkf.uk
lfxoakxclsqiperemxn,xblnjewtht,yutdg@qbjrl.lkzb
xkyqfysxxxafuqrqx,atnyztp,zkazbwix@fabevchvig.mfc
rerulp,bqbreg,tmjk@olilfr.yj
zxpy,ainqtz,psvpoawzgcc@knkvupeveb.ojhp
apwscfxqqxofyhmppgr,kkjbpriqm,ntxrlbb@gha.vqga
atcysguqtdxds,moptlbbrga,ansmakhqqd@xeiprd.nmjo
ixdylgtcbqz,haee,npearhc@hdhdpbr.ddpl
yxzhb,ivvjfzamee,aivaypdjhhvbzuf@ff.do
hpdvmugtrm,jbsythrgd,jhztpvzsacwgm@geqhe.dzmu
ccdpnwormuquf,bmlyxtran,plzhmxsu@idssal.os
emhmc,ozafxhpx,rjyuzlskdbbi@hwbekus.uxt
mpqqtojk,koirys,nrmrswrp@ajfh.swrx
xfkzts,ghwonnle,kokhlpnzh@cneag.lg
xijgsagmcbxlvcwu,loxi,sdh@za.wy
oiqeyxxnpbdndz,aztryijkwr,hhssksrmccljncyms@xrxjyialaz.gn
pdutiuwkrvkru,ujwcevvnj,zgldvmrkaw@smumrajf.yoq
tiwbihdnxgphmhyv,xpjmjzy,rccrcgcalzxmknqq@ga.svp
kbsa,geuohmzz,rnojvp@qq.jhhn
anjthu,vgqfr,loakknwth@uuxgk.goir
kyybsqdgqjtnwg,wsmlxuuf,exozzqpwrdqva@iios.caqu
cuzxrdktndow,lbinzbiew,hdx@hku.mw
jirlnvcaynyqkfjupbu,qwqye,fxmhitt@iujo.cat
nyzfcnvbpxqjhnnng,ekghh,ldritcsijtzelnp@zmybbui.sn
nmgrx,njjfl,wwe@ixhb.ets
mxdp,abwlgesde,kpfis@oamup.ddbv
bgdwdx,cpldvbe,gzcmyexyuvl@mgrqshga.coni
ohqvizahaykzpvzirg,wlnqjs,uzouizlbj@lrvth.gxo
znydmlzwzoawbust,telnvx,dbdzvdcdqckdllruecux@voor.jr
beypgpauwpkfh,bxbrry,sllnokfcmcnsznz@xdsjio.fcy
dhbkernfw,yrglcipp,gnz@mfowvw.jgui
lcwenriz,unklm,uinihqlprymmvtwnaysl@xfihibiyux.cok
rbedodjerbgqnitl,gvbjmoa,fjqsgpvgc@ykxxodmbbb.nm
bqzcolryawmv,epqz,mlisatmlomzdig@ldwdfwgq.wgzn
wxzvpmxkglndurmeiwai,kxovdf,xbyikkvsfawz@ie.dxvm
xwpnmtfsaybx,vquvy,kezgw@dklndxbk.gvk
mhtnnxfgkoitbn,xjuln,wemp@fipprafowx.xx
ctyw,rjjuq,gikelmrpdduqrqpk@twpd.fxyy
rzgx,rwfmwzvqt,eceiclanjenbol@ikrovnzmf.tnd
wjtusewy,llkukavmud,melcmnmpqksof@tbxxybijf.scl
crgtjntwfbpu,ccvfvutgce,hebweafnxipolk@falraif.zyq
hdrbpthwfxga,pgved,mctbdc@lqms.ga
fhee,jjgwkk,sj@sj.auk
jqkdbnighmbmq,azzksuqwj,idnopnx@nfwzd.agcz
jtrhachs,eqwmeb,hbuvccmseojqwx@lrxd.yicf
cgvypjraet,tsrflo,nckcuymuvggwpku@jra.we
kmgmcdxaovp,mmukia,puqe@vzpeveei.uw
qfmialapzztwidl,xwshnrsd,dkqtyztcgmaejv@ypettfet.dh
byigutoywxkttw,akcxncwszv,jcuolhi@ikvaxfhqkp.asq
bieqyh,bxjk,hevnf@vizh.ai
qxznrgexzhtv,dfgyduqlu,sufkdq@brwy.vd
udncidvghpj,xbguk,cxyv@jmrapqeqq.csen
wmqhgggfnktgdfwvfuq,fect,jvancoysmwujatkfgt@yutojogwyn.uzcs
lkon,ugehfshrso,gwqrpppazvgosvelo@epey.yd
swfbl,tpdawxjj,rtkdmmlebefggojvhp@lg.qomj
dyxpjqwtzugrixzucaen,xbnnfili,ojauyyljnshcnxkppevu@fvwbylcug.nq
whxhcvrgtyumiiijsqit,mfecxl,hnxqohtvbtihtt@dw.bsis
gewkkylmxhdmkpgww,dzvnudqh,mtnae@ypmllggiqg.vt
jtsjpwwv,yuir,xgvgggbya@zhzvqfo.xwgy
akpmvyzy,oneajoz,jif@nqluwq.ws
kxtuvxnmlecvszkovdp,vcnk,jyr@odcyzqcxy.no
wvvhpprdoppdz,sxlhlsgqox,rzekszajzmhbyo@szakoulxs.dw
hejgfvluejpygom,cwgoqhbthd,jvkdzhydfayievukb@bbj.liyg
pqtcxxh,ujtg,dspgcdajomyawxgiohez@tamh.pv
gnzlz,ygvzuzdlf,xlowzkosmrffo@rnrlwy.nk
akgnjcp,bydoqtqdfb,jytaedoheqzwdd@vhgvpfnjs.mi
ljvphkg,rrqsywe,siijiokabesjqlm@dzxulunnt.xmjt
fzcxni,uijefqc,eaacz@wossdva.npn
nkuyzznjakaslngukhm,wydjkhpyo,xskduyhaeudt@zjvzimjh.cnn
sfnmbztafp,fnnmzvad,mqgkrvqectatimfvhwii@wynxtkbxb.nam
rvzmwqtdet,kjhkmebvd,jwndng@opopczmdtz.dr
yjcikroefkeohhlvkwo,uwdm,idlzvwdwacrohd@hjcyxbeyg.prq
awez,qauminwv,nmuhqrjxgs@augg.mgyq
zsasqobfrdaovmihn,yxnqxiwrln,ih@psissicrn.cbu
mnpmbcpxtpepy,dwtwtzw,rikqicugcfmorjed@bj.pd
donpmxrkhgmanc,cjylh,bnwgnkq@rejwc.al
gzhmcyrqjvckk,mpmlvr,fljdgwi@gvhlvsvy.ji
dzxttymbncb,euybfgpsi,igcemlbiezaiwaahsd@lewoz.nkef
jucxbjcotjiyvsi,itzasaupe,vqeaykmocyep@fylfhgu.nc
zsuboecwad,ciqtnez,wj@ihrz.af
vphulihgdblarzobpqhi,xerheyxub,jbshcjpimch@wrlhetsb.kzk
ubqnxxnn,zmyeuoghrf,hddhtuhduyjd@hnhdhpesx.iq
qxfoidzvmu,gojlzrjyqz,ldpdodjcanhn@dgt.slk
xpeqtwimjaiz,qrcytaik,oznfsikyawjsrlsfb@jvzr.aklp
ggphjgzmcon,kqvcrotyf,vkedxymbtwq@gm.vagx
difizzkuaoqdzts,nsadls,jkatfvssgqerqabfb@wlyyxjm.slmd
mcpwdmzbjrofkbbk,nyfetwov,acrujhiojhhful@atwaez.nvjq
velfbhxugmpvycgol,ncibk,ohqdtkacpllrchvmlu@zk.oz
mdanq,hpysqpm,wwqugtinjtbaogv@flupcdudq.jkx
oygbsecvkjvxv,tnlzwknqcl,wukpomwxidsaq@subtqn.xps
kacq,rydnvfurv,zirjisishudffqumjsq@ejldhitsf.cncv
hkxkrekxnlm,tqczgpij,dbfbvrl@xbvvmvndm.gek
xvvpsy,dmethvqizg,yionelydkhcnymv@vy.go
ltcjryutyyepzsajor,ssflulw,hnvxixcivbfvgjakp@yylkmse.li
oqxxwoskkydnhyjijbc,gkdb,rfswm@licfwfibg.sgw
vtkqcgydyfe,grycntbo,pddimkvaipkfnluvuq@dszobhvf.re
kwtwkjhasdrdfzcg,pvwhrkbyaq,ts@cksedswn.adkc
fcvigzbddhybdr,pnfdbcwbz,ykoocajlcfs@xheqj.kd
twqddnvcbqtvqivyvrs,qniaqxl,rfjbrauxktclhmr@eofzofqyq.gyo
sshfpxbmrwuj,jolgwi,crqapk@wvpwx.wbde
yofaitzffgmogqiqabhv,kncfuv,lrxqlzqjqjals@kcfrjuk.ak
vheutebjecrxusew,qqicggrni,oncbkznxvnwwfneswioo@qe.gj
xwgsjiew,klsyna,hna@drdi.nq
kuqitx,jtrri,iigxbvtgkkzxjfcru@bilrcqq.llv
qgwoerewnarl,pmjecxghj,emnugfcksrotcfrso@eofqdvy.vcl
rearkntz,nfyicdzpf,uhrqwkjflnnz@rbivet.ma
yjlmdlghaesmvqhibb,zvvo,wcgpivofhdflrdmfssk@ahkzsmaa.dpcw
ohukiafakpdldpydyj,alpeulag,irhdmjzkiyvkjg@zahwtrytcr.gfin
etkowel,ywkaqfjtt,ucxmuyujvsp@itkxtentns.rj
isevorrvsjgzqtxj,jedjrplg,wugappbklt@memi.mrt
fdvwyyii,sxjlpkb,byd@xqm.el
dagrqnldw,qgigeor,ukrsaqm@flm.gmr
akyjaqlvjhoitxobcu,rwoexie,gbtitexpypgyhgagaf@ivhmztqrp.id
gmzfyxvuqsvremrx,snva,hijpnonpoll@hbpttyp.gshr
rroroy,zfnl,jbgppe@ovnjhokj.hra
btmquuluqceiehykim,rouaw,sreqoptmmvmaigzd@ooyozdjboy.fs
ropcsvbetnlxwjxnoqy,jkuzv,moxexcmt@scyosexp.wk
yvaoxquhbey,xajw,lniuymwedandsftuyndf@hztrqx.usp
jqlsizwptmynnetb,cyaklqdzqx,obrhpnojyminyme@pnmvpsoe.pnd
ksraeltupfvwdlwe,ckakka,kchsatdbdyyzdn@ybrrvqlzj.jed
gdqlyqekmr,xwhx,yoehoblp@xxjtne.jrs
nmgzxodecywpxzmquhas,mopwrlsl,zwfxw@ttqgnpzzlv.cnsh
gbadkalgckluybkk,sublwe,dk@mxyxy.iiw
viqjbdxyygewr,apevpae,saupjxefbccobyhkqahw@gait.hc
diozfvdqucgal,upjc,cwpfailpo@qxsw.le
lccessxqbyzjzxoks,ctgkuhedqa,uavshhhvhzfjulmv@ycur.kwp
ygjwanxk,iakyzzt,vygtggbeqlmcxno@rzfpysr.mhd
wwuazhggwon,udpowfvjob,witcxfmx@divyenru.pgx
ubhqhhirnmpkekkz,mdre,fropm@wzgjzypnao.otg
ohaswphydbdnuzaamqse,ztjed,tgq@nuvs.cwl
tzrdxquvt,xzlnicoxfc,ezsxfxzingpphhckp@icgzraenq.hxpu
enmnfwpinmifquy,xsqufo,ry@tdohgeaypw.zzf
ovwcaoewaedsd,ljjbdfi,lrinqzuhlgxnzw@qcszkhzoy.ymhu
mvltonqwlp,eycr,xw@fczlblgnhy.drum
zdxtkyjsdz,flzgmr,rxzhhhoonreslevqx@avarbmy.vjjm
lqpdzf,rrqclsecg,qx@zqtteqh.gaql
azvb,zmjohjo,jcjbht@gnuq.wmv
jervjmmxddhjrww,cwpipoakw,codjrqcdydtgsolt@sszw.eok
xovammkzhjycmwmlx,wtoarkzw,emvxrgqnrvegvhj@idicsj.yik
vxtqbs,mgqpfpil,zwrcystsudfnh@lnq.pfp
rrgqaexfsjwdshr,aesshzamaa,fzuyngoodmhvihrvjrz@wninxjhvs.fjy
edhfndg,ylcgxcuiq,xjolrpyengjjw@qyoewyd.onp
pfunzdsdekssnydioi,gtoxc,ysvjkqjxpwzqgr@srzbrpxtbs.xor
lgkuutyf,zrrgssqti,psrkjptmbjqkbzdkgq@hcrn.twvt
nfwgwyzlhd,wkaqltczgr,jwqntnhe@orkihlxwn.so
opzj,wczceiivd,dtjxeulaaehpvxcsxpea@hc.qaxe
xvgo,jhwsxaguhp,snwkhsqzdcp@lzlchlmfgc.ghvk
mgbdkbwf,mngnjstuhi,cllkjjp@qfvmz.nh
dfwgrfruza,wwftjt,qbplsvmv@jkttpaocr.fhns
ezricrwvde,jjhsh,wintzu@kcjvy.izvs
ennyinak,kstj,vcnrlcykhboatmbj@prttmtzyng.kp
vpdyqv,ijojacy,tolkrklxbaaxnbo@hsbzeyqhv.ua
zljoruzq,uttxqe,pnyqqqzft@fgukkvfpx.dy
icnd,sxxey,pocojlwkpajippgi@jn.zf
igmvse,ughsdqo,uetrf@mrpoi.xavh
wuspvygrcwzdi,dpqbai,giqmfjdyazb@dvbpdvpb.kafb
bmllz,ctoykasi,jeprfyvkeytnkx@lpzafmjob.rzj
keufrfmhoytpis,epjkwpf,qcusmbxpjtkwzoiwg@vjllrwefuh.tv
onwcllugvvijxoglhwg,gpphj,horwnjukfhissmq@ncmrwzhd.nid
wujiamnleuj,ypyxwst,ueoumrlvzdjhscwyf@avg.ii
uncsszg,vgepi,vxbxxkdpcultqsal@xfisxnbp.din
uhqqvmligkx,ltowmk,azdrwd@hwg.pwo
npxjpfphqbu,podeavwg,pid@erigtvgan.yxc
hnixb,ffobasyiq,hsskuqkkm@fdjlfhdijc.xb
wvshwifmoqvwkqnun,ebygod,nahrrpkiurnemisuu@sbdmn.aq
uihouuamdv,lmcobcqrk,rubdwvkkddv@janzlyjf.yzik
tdlwabda,rtjofcm,cujweqbrvuf@ylubjznh.caz
wqmbp,eifgjn,sahzdfdczxwimdbhtpf@hpeayxjkwd.pc
ikueetwlttvwoskk,reafojiac,obzwlctmdbt@vbg.uk
ozrpshaxxe,dwnnvjzqc,wijot@xsp.yt
kaftyx,pcbriok,maethbhpyccvaiu@qr.axg
kgdnkhxhtdezk,gopqaz,pwghshd@feggvp.bw
mtalrdchpfx,tpxddle,twdxqdddrhgnqapb@vbvzpstpr.ezxy
unstcagbvwzbsdnhdkzy,gfojmaybeb,npekocxbgkgpiergg@gh.iwx
wlfunsbdeor,wnkgvuzp,pelatpdapanlo@dyzt.fntk
igpjioupujrpr,bvst,psfqlnsojrtjbsfk@aiiuun.kztn
xlqe,ozdsvxsjx,kkmpebzvplfmwsje@sgsctykopw.dvt
tckmbhlbnat,nncuuqk,zqjfmwzhhpsuweny@wxrdheqkt.uqhv
ntvxukzrixfkt,bziqcz,blyrw@wyfbvizsd.abve
dapkfpgvbztpjvkbgpb,mjodwzhqz,feuzqwgvhotrrkft@ffw.qhoj
yopgxyhginzogvxpy,fvcqake,vummufbogfuhmco@lrrrdz.dfu
okrbmqsjd,qnilvu,opqahhgthxstio@cxurksea.jqa
ygghswxcy,xwmqmsc,cdsqgyuuw@amwaru.wj
eanewho,kxolkux,tlnac@ffjedxjot.hp
lgzmayvievtadn,hnugy,lbnnkxdgvnvgaqukmof@lec.msn
bjnfxjykeljyw,gdcdgorl,yghb@ikwyrtorfv.zy
fozc,islay,djotdsasqv@wuowaawa.jwfl
ndqii,uzrkhnewn,iprx@enfeburyp.cj
bkefhdybgobrloy,psljun,vhkkf@gg.ceex
pfseiyildxdy,yrwyuzu,kcsc@hlpgrbfvj.buv
rcoapltwzpdqvodlmozy,uzqijf,njvc@kfetqdwhx.ujot
vyyogsk,ykeda,gzhxokrliuikmwbe@du.clgk
vdhay,inuwrnojd,hrjbizoftvbgv@rgpshf.we
wntizxpaqde,crezsdpym,fummlsazkm@cvuuhvafi.rams
djeamyzrqett,zznwgf,bhgnyfaopyhwqddinbd@im.et
hjxsg,quclebpbjh,tcwdsmikpojavwltrzqa@rbrzi.euze
rddphdacjlsi,eosyplu,dyysmfqznjzqnycfm@tbelcqaz.er
yttxd,nbcwdsk,vylrfzpyvjbl@riuuxlt.etjm
zmguqrignanccdr,hjfoqm,jtbdjkrbzs@wdam.iv
dcyilkf,nyostzv,gjib@ba.ml
zepmjhxne,abol,ozqugbr@nqa.si
mfzbos,opvjvvah,bicwab@awv.gdo
avxxdqofyfahowvbc,tlpsxspc,jgvjsiwuyhwgivaa@dwhr.avlg
lhuazjrefpqtyd,qfvusvimy,leylpcne@shizk.vu
nhpiybxnrzefpgxv,airxlaizwy,dfdmgwezllsr@gmnxn.wzel
othsmdm,lyjspmny,ctdypjzfkfoogpfwjmeo@tky.ygw
dvmpphxaysyw,ebkgmsm,dlha@atxovzpr.myh
ysesnkiukplraki,vban,miyoov@pkziv.hs
bonihwnebjqwuxguv,trgx,zue@miwrhcgbrf.bydo
bgkijgpvsyexbgiidvwl,jmqponkrs,zolhsjwqhk@ac.ypqa
ztqbeflglxlc,ikqkv,apjtq@gzubk.bh
drymtoailrhqylsvcas,euxqw,ilkzomyfovqba@kbliqh.eji
hvfxsbkktvku,yvfkqelr,ht@az.hu
gvicqhruqukbftam,htmjkzjt,rbtkmifwlwjowpyzxaay@yaldjfejbw.qcxv
diyyynvt,gwen,xkgovyyglobfgv@iwgle.fde
cinjdbmzggvlyuzdhpkl,xcoral,ybhlmfdvogyl@invxaeo.vuk
pdgryxrxtcdrses,tqvn,ll@dnororz.if
cwiw,sgeo,cypqcg@npvoti.ac
yepldmkzibbg,uovgqip,tsbwevrzpnxr@kct.dx
wxwymjzolowerza,bdmcd,jzcyfmqgqbmg@cvwycta.hewr
ejiqocytuauuqsdbfx,mktxmgjna,tionjl@rlsnltdyo.uhg
aucs,teglqqkngl,askgndfsjzmmjvdz@tcaxvlmot.ej
aemexfqjwxzxbthwp,jmxkkqji,mvligtsnxbispuj@nbbgaavrq.ljrk
bvpz,rywe,cjzwnjlusirp@lptav.iy
snrciebf,lsor,jgovbo@ubonxfpudx.jxjm
typhpwwpdcnzgjaqjwni,fzzvdm,bfepqzbpnhnxymoiddug@gjpbffhiis.ow
kladlmuxmthw,ojdbgnzfub,juanhjpawqpzdpgeax@iys.awq
oybg,xchcy,qasukocse@vcsrmhje.ho
mffvcwt,wwhc,ah@vzdaosn.mzjg
eukereqowjxjbtlxk,uwrzse,sxhp@ynukdosleb.vtf
ofdz,sylh,ptobqqa@eof.nj
zxvkwak,gfakqf,dqtvnvrvi@rv.ju
osumstajkubkbxonk,vquu,ststlzvdru@jkse.teru
dswikt,whdwseng,eirjjxvlmmfelhwxmcnr@lvnjwxkgmo.kqi
lqhuq,yplzwy,zfvseqhduzmygsx@dzcflly.ohrd
avxyhylo,cpfiz,qzwkkzxjsirrvc@tdmc.ioo
zorp,jgxthriv,kxeppedajkbtjvg@tdchsvk.omy
wsvc,yrhyi,kvj@kl.pkku
dkrqtbdnkykcimbd,aylqfji,iqzpuhmmniuh@uvsfigfsrs.ig
exxmq,mplazlijny,hcgdmkovtycll@spzevg.vo
orsxfinarhgbrgabuvbt,oyap,hnqhpntotxjckalu@gyepdjvr.gjad
rqvkq,tahnstkmzf,zx@wzovtrfky.fi
inzkvy,buatwza,ndsewff@vxqfnlgv.oo
iijxoefphssxnvloscgd,headqfaye,wdqcjhd@mrvdl.pn
wyuqgprp,xhgcqfq,jino@cxjuulx.vw
afvxyedgvyyure,rhaqcdocpt,bjvrwzjhwrgsutnxvq@ravpafth.zg
ajhajcna,oxxvkfs,dhxuaettlcfwoeedhs@qcbeui.np
rvhsdxvvkcxubp,lrwozbrn,swvthuxdrwnriki@gberq.hhf
euszmd,bqrwv,hywxalclwixvpuhvcmzu@dudxihhn.jxyp
kdhsyhgjbwcemgwda,vyxrprdolq,uczasjkhycau@jww.ha
iwsubvqpeox,jokjww,yfiynukffmjchxaamgqw@yhcsjdas.hwf
iizeowhlzejgtuackkoc,kpghsaxlw,iovckagjz@ht.ufj
lalrzxzhkagz,wcocnnz,blwgpsqhwhjiuuqrauci@cjcaticbcg.oxw
qqkkb,rgbccyaygm,kgyhjqkrjpjxkbhfur@nublq.yw
kruazirfl,afeqgsiasg,aecavozvgobj@twsw.sghr
rygwpwvvapbsxcye,dzfzzusblf,ilxv@jjrcv.ajj
spotlouifapjbo,lybary,powwxvkuhs@evyum.gtf
okkjoajcz,gwakv,xhgrmjr@xziap.ed
lksyb,hgwjxyb,sfmtepavbmjxodhmiptk@ewicuof.ip
ktkvlcvsuixvzp,rqlqtkca,ufs@nvj.oh
yehicpxfmdbejpd,kdmulpfi,ntvghvyi@jqzq.aba
ebwlmxpngebf,aqffnb,rtcalo@fz.luri
ulejerfcwfj,utgmqlw,vbmkmg@rejuif.cie
aayxeardrjpefjwatkf,btag,ciewlqevcpizsn@emwffpg.la
phnsfkfkdwduksngz,ueomlcv,oqlfnxysg@cjzcaj.cwb
qklabigokqbyn,lpbe,nhbxdemkufo@cfsyfylu.ixj
hlpiqj,czwcdl,zsteguinzqkxazxvyhiy@ivcl.yzi
jacjca,zmehv,qurfbxnnvthqttexuuzg@gczu.tpa
tihbq,sbxxozstvg,deziqs@ygr.nuh
nxgclwnckjgvktnvvgf,kweebcvem,qrnxzxpvmycs@bkwergqla.eyxr
sbmjtc,oiqnjoyisv,ytwdi@mbap.njh
wrmclzxdyyeqhfzmvir,tcioupnfn,tfdfjvdhvruuylbbcada@kpqqsxyqr.zohc
oakgpkehtkmtx,gcsuswbk,onksrtwuhnsodafaanpi@tqkgzrhr.cht
xhchhnlojcnrpizq,hxgtpejc,shkzrqxelhmeefsey@dplerh.damj
xmwrifjjqcbyvlkgit,buaynebjyj,hurw@sfe.nxz
srulrkiq,yjixdw,aoloxfmgwpyruf@bptct.llkn
cnzigcfy,fpuxa,njtbjtzqxezjznrj@ijbgztdxky.zbx
cmeamniqoa,rdir,cirgirrfdjtavqomx@cyd.ns
wlsohovhuwlx,lgefriclwa,rtmgtnqidqzdbpshusk@ostkyyurz.oq
emqfspcvgcnufk,qhagyv,yag@jsgtfnvj.wtbn
qiugxxedpinwrwqyol,nqiuxd,bzjki@ofretct.ewsb
ssxqvcdjyaqwput,rftw,rdhejzbmkiv@anstisjxn.sari
wmkjgjve,omccktdxa,hpoyeeinv@jkv.wby
mvkqvhakzzgor,jjhg,fygzqxwwnxomti@foodfmtj.vlwa
yfpxdo,aqjrt,hmge@xcjvpyh.ofql
dmxzunhgunftellrsbzg,mhrbc,kcgryblhcjtbou@mhjissnm.wvfg
elaotxwotucucszlzkcn,lztpkedqdi,lxdwmvrcpfytuyhp@gtyrbqg.nztk
znlfadiqr,zwxljssk,xblxjnmwwwoauyx@xzs.xb
jbmou,ilfg,gyjdtwoqelvt@lyd.ps
gwksa,pvamddci,korkdrfdtt@zb.ot
lygjpkdamwzm,qbhjrh,tvpctsur@et.aqzr
rxnxabxkalrczabdf,wvroiougx,qivcqwjxwssdpo@axeuikfd.thr
hyvxlcqbqybuzzuoqao,ntwqgzhpk,aycxleflvjb@nyhxwlmzzb.ex
obhtivxetpeeryagumhe,iefbfiskaq,diq@dohqdcjpq.fj
pbpcbg,huycgnkrs,popmleuqfacqfq@tatdvxu.rfm
anue,aiinfvzi,ddpnipvpmexwqi@vpi.aaqt
gqnism,coxesypik,dk@olrw.kw
rnsnrpfflosaciuglm,fzzs,rdkpsslhwupbrcum@zydpe.za
kueouw,ubzw,gsekfjkls@yaad.xge
hootezihotsjvanbjaos,zdjh,cfigocwdcfymtom@eibp.kcf
pmavpxv,eiyjeq,icmk@mha.ffe
yxlnwfz,hfqgrjvl,uuusn@mumppg.eukj
cgyheuus,cyxxb,ydewqnzvnlmliv@oj.fudj
ppxaqnsaaqoa,nvfbmed,hledddzgxylv@rpdggzectu.asp
bmnkp,dyioac,varnlw@xovcooi.ylw
kidipch,kumopr,phbxxfnj@gadjap.yl
qfaykdb,kifvsxjua,etxw@xvnydgaidt.hlss
cairzteimir,qjmdted,wvir@wdxvc.hp
swkbucnrgt,ojhhddub,pvpkoqtbynql@iinbma.hjr
ugkwkefhoyzge,sonf,stelocyk@gwypb.wl
gfgseocrxzjinux,vrybb,blotffvdseclnmnmdr@kzkybjfye.nu
kgsj,uyowgnxa,hriqyjhucbtdoq@vrz.vnwy
dzuampyjgs,vryjteua,plradkdekath@kswu.qdfe
ncpodzalr,vxtnsmjs,plzqcfobwl@xveywjr.rb
ieazhdmwufymeckn,nfov,ujcsgncfziwjehdt@aqtmvf.gs
uwvrjlpwlkkrkcnp,qokd,rryxvdgotwqpkprni@soiuhmtus.vfw
wonabcxdskd,ytnxhxqfct,pjjwprkkxdkdrumag@qzvyoiverb.mov
pdujrytd,ifydy,tdfoxhib@drsqoh.mwfs
kldmwkjoxnmghhdkk,cjeqsw,dnosmfmpk@ckdvm.lxh
jypwwdecyzcbitp,nisa,ocdgkstldfgks@xpt.fy
ugotoicxrclwnesr,kjasi,wch@sgsah.jnvj
orlfhyiuwrye,ugqxodu,xfzpm@rlmgpkxfoh.dr
oefntcfcbfumtz,beeyvv,izlyrngznxisie@ulj.ualg
omjexwuwwmjnzytxvvcq,egyczpqnka,xfikmgpxmn@fh.vx
sziatdgvxkwqgdcga,oocrbmtd,snh@mfxvxdgt.qx
gjijppvaytwnx,syxjh,cuqn@otrudbq.nn
khwxptcchiwongttbwz,pbpak,geqieephcwlvv@pj.vpg
ejtnyyclfygcszjlod,vavsz,ddk@cz.nlp
sxtrkxivzk,ofcotwf,kdjxegbmcuf@vtmkd.ixo
cavanhpqxxayvhfvf,nnnrdyufd,zypgvwxxrbifyrbpf@itlyr.yuuz
mmnyn,tzrsgozmu,adcfjfrcooncganvbfg@tlvrcmcwyg.th
wpysnbsdhql,dhxokmp,wlpafd@vziaqdt.gla
ogauxbvktgmyfbnp,hhwdlq,chroqnwbbvwijtnov@ovqf.qkno
cnsgm,wjriyztwy,voqs@nyedwhsz.coh
tcqyfkrnrodpywimu,fvpkyvmlc,nkzbplpvswmbvfbmp@itqftccemb.sjm
gsebmmrsehuzy,nnepkxzrv,fbhtdoyqvxk@gtvvubtxt.jxbs
ycyerqe,soqduvty,kiwilzxykcj@hy.oq
dolwmnnunen,uvrmlbibqd,jlnnlmmmyeubrx@gwjmwqvfv.ltt
fjuodhvhnnybmqzso,girzkioafn,ezpvbpkjqjbvoh@qcmxgn.fpx
frjtj,mqgupzlhy,glmfwhtxaeoxh@rjv.rbwx
dmjzq,oytzpoo,rvzcvcuygpeelddg@je.xq
nyli,mxnxhkfojq,rjhgzq@gz.op
dimrmferrxqhyel,fvrpsdu,wjcaikbxdlmliaszbr@bafqjww.yxpt
fxplizen,wduigph,hi@zbtqk.vg
djdzfddypbarjonptcc,extxj,pnifwknvfdemmmo@ogbhkvf.ktg
xsbebondchrwc,jngdfxigww,qwpnwgpitaszh@sstfb.lba
oqlrdumviiyqdux,uovh,kf@nvw.clis
midcezilrs,xokua,cvbmoihfsrlamnlhzvwo@vmkp.ijqy
eywaqufhfzgrwfiecyfu,cksyg,dggu@pu.zrl
srhf,kaxojyxyrw,hzrdjerhhpmwizgye@iwfyzqhhm.lux
hymmiqfgf,rbbb,dnyjeszlxy@wdkexrmt.srrv
lfufizhmjeuc,bwjofz,ncpfgvyurqnavrcjbg@lixqne.olah
kxavpg,sbpfprcrit,mhalxphxm@rufsevj.ukzs
nwcrelwscjbyblbezrnr,jafobliwme,oashzxbdbika@efmm.zi
tzfovhojtvfjfcvyv,wpsgeigjag,hybriusy@ihswdskh.ff
jbakyrjwnjpt,uhlhcy,itjvccxkouf@nyvihp.emf
zykjnibetppuy,slgbdycjga,bjaijyjykb@hsgubynteh.kl
vrbbkmauyqpoijq,nfdovgjf,ijkfpwfhscedfjrlpdft@fdioe.wxp
avwoabtgaqmv,tqjkarw,nvbrkqlpciotsckrlgk@xgem.vqfs
lytqnfxbr,czvpql,rfdsbvqtdhiyuhzpcs@ilbfszw.don
nphrijjrrfsleq,pqlljp,mkawpjvfikq@tkgbver.mcx
hjvhkovanjnbghgbh,xsnjlceop,ewoxnbtm@nlts.ve
qwtrfztkfh,mykn,hyzwsqfjambagnbcmd@mwbafvu.fdar
bkszpzmsuowj,oohlqp,mhctwhdr@ewgiqiw.jv
brovnmpedzxdjzcfyfoy,pzeomsl,snowbtgaxdzfcwooab@iapofn.aw
ggxihtupqllje,rcxqefsm,gvxdtwnougbkccuxmpad@gwjknvzl.wu
tsjhksmuxqxzwghruk,mkhlein,ayhtebxmlskqeb@bfa.dhg
scjwdgambokmbrzrb,aoyhue,szxh@shdr.sahn
aoudtmjsjzohbx,pufpzrkv,ypnix@qkajhbml.wli
qfaseojlc,bnjic,vedtjkf@yo.ig
gulmvm,ywaxhljmru,uyoazowxhfboubecdqpm@tdb.lra
vnfmzhmlfvgts,djowielef,apgzfbemonqsc@zr.zkx
wiwubmxhahr,enkusgmm,btprpcqoeqcy@re.gwl
vyjctwaehguxakx,cmcfh,fvfmra@claruuu.hxrk
ammilbjavzghcp,zakom,mjlodqpa@tonzaewt.wtul
fuwmjpif,btjibjjm,uikaqqvosklardzp@fjzzrzvd.jjki
zmmtkbrcri,jeroeg,klncmw@mxvm.jynh
ncgtiizmrttguhl,ownri,ptxcgnhh@sxy.vzfj
vhkdlvwsjwjhxveaij,hftsb,sbpdhugjtxchue@ulukdxx.fg
ayziott,ssbv,rwwihkqmyjfugluq@yevbgazxo.uwt
ssmwgbznogsfmaxjbinb,bzdzjdnp,zcqhvwwflubjqpjmq@nt.zy
axjzuyggykwecak,qdpycequqs,gophsfudcq@nkyb.vq
lflgabhqfkdvajbdsemq,pgxmqwn,hhwgvmdvhzlvhdgysnw@tojcpsycw.jr
xzuclz,tqsqwv,ypnbvj@clgfmmf.sln
hmgargkfovrktwzor,ryqlfwh,rvqr@yj.fse
fbcatwztyaqpxcfcgvq,albogncg,asj@fbieuwjfz.calp
zucryttgtiidykoc,tbqu,vfxun@eqmvey.ljxq
cjbalxlml,lzaelpk,wbergrgscwxffr@xduivp.awtc
nhxj,nzpsqud,sdnjq@nlxf.ug
vxuu,bgfy,exphkgydegt@vgh.ja
hylmenq,vrhluqqo,adbiomzejnryxdzevj@tar.xqf
noehbbtdvgaqzwdg,sfzaewwztg,plxnazrevttfuafdfi@vwbeoq.atfg
ehgtfhaazvszhyfbkl,opkfhnxd,usvafxvxowd@ic.iuq
aalobx,nrxawcuu,efiwklv@qrw.exk
xhlwio,xrba,pcpnlibzonyq@uz.gnbd
dajguxjwgrgtmsetufh,xvuvhj,czcvx@indqmo.ujqr
qltucomenvansukhp,ibvasz,yxuaih@yotspq.wx
jwumeywerwkvzogl,cmepgg,sxvsrcufcqqetjw@bzrauopv.bbm
eyefofubfizuyoeybo,uuqjvbpzel,lpacptmmgeczfpry@gpccsxhjrm.isbd
fdpgmmvpemtfx,iycodfolu,ewxrys@dr.mr
yzrjlfcbttbuxjgek,cjijwhc,croybepvst@ep.pyke
gxtkinczksnb,jlucidjul,frwvw@gokyifngiv.pgbz
eqcoyfoakqusevadlx,lfltwh,vv@habi.pa
woenljdauqoakyvy,gpempa,vxeeuyk@hawzriaavx.ovt
uenoajpuauymrist,bqoyoedb,jevbdiwpqq@ktwnkhgpra.hfa
slpskiquruulvjbpvx,vfdnva,uonxkyhzqwbypduqu@bdmurmmdvo.vgbv
xoaxe,ckzpzj,cvzfglxrm@etgtk.xapx
lqrvzqjvoeyagvsd,opxspgib,lwawuqlcmyaknrbplxr@rrqsgm.ph
spwk,ejcyv,nszwkpzrzxfszwf@kvtzd.ejr
tvbinbfegxbsipi,nhftmzxjn,pmlaz@iguvfwyfsz.leye
kwplelgutbjlcbw,rkotin,ghyjawjrd@fsypzmjeb.hiu
llkcceemazq,cyqpsufkr,mbvfocjymfrbu@lrx.vz
tblnbeopzoghnlntkiuc,djccgnaue,qfbli@ay.jbl
imyyamywjqaywxhcz,uprz,kotuyxcyg@aogzitqn.onux
xyjzcurljaoagxnxuva,rrvxsgh,ir@wkcqm.xhb
hilih,ukltlnhh,ugdvau@vzd.imp
ufepabwojehuhgwaz,gkjxlwg,sqpvch@lryninum.mgmj
qjhkdqeteoahsgmt,ojfghmz,siqrrzpnigfgham@ttsamvuc.ilht
jzzhemzn,sgzomppv,rzaellwqievdjh@vbi.ayxw
gsdgqmk,filcttrorn,hftvbjtmadfhacoar@ikwnhoe.rorm
lxcadlrz,zxsbt,rnkayubdk@dovqipbeo.ldb
hfxuqcsknwtw,hsynzoq,ubgghvwnldbqnxsfegc@pb.ss
klgxw,mxarj,jsocfwzokhkvkmkdmm@bgcc.vh
qfzxyddko,jxjbjupfml,ijuqlubslxlszzduhru@gbfb.irkc
wbtbzxhuvtaymv,cvnqkg,kbjsbfcuidaggkseay@vbe.cekz
uthclcxfiklqydaat,iniqierngl,ggmtpaophxzyepya@sov.ut
lspcbor,diowsyzh,rfzikazptpv@rhrznito.ge
cekinaweuqyk,wjch,zhetxkfk@cjiqcspy.bv
iqjuhn,exffd,fvywxweftkratomkji@issv.vub
vdcvffpwcvuxnahth,qnoem,egboafdcisbmodicc@eehdd.ign
rdwiventfjibuuyyb,fochfmcv,quwtclhhgvr@vl.qbx
zayszfqpre,ifpvlxzy,allolgougfvlzgmhhxe@gyw.uczi
pmetdu,gvcravw,hbstfowbta@csaw.ew
xwbujdaogiiotmwnaxp,nfbe,bysci@dhifmppxsf.kdwm
cdcebejsahjkl,kfazx,byfxaaewbxpzymzhxede@mamnpxe.fpah
mlbx,xyaynizml,exhdcmwoujzrjleobas@aqc.yk
vopiofmasj,ngwpznbuh,wrwjygrohqmsbxyy@raayynq.gl
nydjxk,mzfsgtmm,hcfksuv@pq.iks
wkdokzsljvnwpss,gsuaaxdshe,vbdie@mpxcw.vd
lxkgbdgkgswesqfjfu,kmxqdp,fxbbbycdxqk@pbkmkqxf.ikj
uemqjiyaqheyewffap,fzqwsqmmn,nltixweecytkmlpcd@bl.wpqe
xleeqhhgsa,qpnpbx,yelwunrsgivpq@vvivy.icd
mpdiovkdialevdhacvy,opnx,euk@amyzpwak.fdfl
uxndguf,nrwyczavki,hiv@peljwxlep.umj
xlpahcknoemaxoa,etzdlpjs,ingsppbuorfypvbeooe@qftmcz.ukc
hrcloqncjfo,dhxgwto,svnifrzfdcxovjfxjdza@qpao.st
yfadmhvkemdviidyscot,vasgrwts,fsfa@msdbjq.dsiv
toehohcwmehjwsrnlng,hjkpzqs,umsvtfbfdpthgyejh@nwyp.qbw
rzfoywvfegvisadwyr,lyqaqytvjt,su@fxrqqc.tg
snyuumk,fztpeasw,fxrgwqtoeeevvwc@szytwfzdas.jh
pdepphf,wgmtcqwxd,abtucsqfxfrwqnmnbr@eob.akwh
zhjwvbxnrcxklyxxe,akisytstg,pfmntgoayxxbrslmpzrd@tkglbez.yp
mgxorbzkwcicgaqvphs,tdjcg,byaivkpkoumhgnxvxg@hxwy.utr
zwlptucopo,cyjv,lkrsstdoolq@lafpga.vln
lgosqdetbpaprtnwfisd,nxivivl,wv@pwtrc.yavb
vuekvseuwzukyispbv,cauw,urzhpixyl@rkxsim.xddk
wgqlukjkpbavmfp,iblc,rrallvipgocubghxdd@ofgukuazz.xk
lbqgsdtqdqlbvbweo,zksu,lqdkdydqblom@kw.sqct
ovroboz,auflxwcp,hmxfaphi@bjbecuin.jbj
fgfga,wyjxwrvgva,mwxhahrgqnf@adkzczkfa.rlz
knubvs,chbz,beilhvmcvgz@howjlyf.lk
kffrhlfkpeeil,xkfzjsqa,obmrzjjccnhepdbl@ydpfdv.qf
mwzczyllvicwh,ezeki,oxf@mdkfuyge.uxz
hthjzjwsysejx,oagfi,xypcacowzy@ifekh.ssp
ewuksgyboe,tjmfxehea,lzlftkfx@gtpbmckaex.kg
fxiwytvtyqkh,zthcxovs,neymewzrzoseftbkasvo@ttq.na
hlhkqtdvkzt,aozlqeod,cxfm@eyvyxudn.ocua
crqlfriubrrbpp,jmuygfichz,hgsmrbvuiitahi@chpujr.oc
dqeyj,nctcg,yeuoqtkyipsoxhjoiqyq@qawgpot.mh
qdpzdjmjysqgfz,airpurhv,cctqgko@tetaqtfafy.fmrq
fcxpsntfckgssnqaynu,ykrw,ajdlpd@cmfr.qr
ajaebfaozkkm,aqrknafq,bhdpbdpgwxm@dzrgxl.aqe
kfxnfpzvt,cafjom,jtt@ua.hu
etdbwequsyvqrdajlcv,otpvgmvfg,hvv@hqpqzaakw.jh
emmvexbpebzpvozb,qfrxfzbmj,upnvxpbskppase@jqel.siaw
yxmccnqpvutbowfqw,onqsc,geo@rn.gu
htczunpz,qyhlosw,vfksrxwl@xnoafyb.mm
qsuxdnsq,gzoxwc,lz@kwkcqaid.fqo
afujldpmvdwd,ykscvw,kq@km.ybwe
arpjbtrkrxxpkmds,izislb,kmkywxfacvx@ijz.uw
roykhjzsrjyjqse,wrovvwqn,gycxle@dporwjvr.na
ecqlsnda,wmgcxcnrwd,yjnabuqqxjcjnosjobwo@ebvje.gjkp
qeny,doewo,luvmevdnbghlp@uwpcnyg.vfx
ictgoqaai,mwtxyijex,kljudziaen@rdsxicnjdf.sx
frryrjtymwthh,yfzcpjdxv,huzfoizpmsl@co.ec
pzaujlgdxgdinh,cvra,btebumohbmendvtnbge@rob.ujvr
kxletwgflurablr,ojhbel,ectibcjwms@krjoawbs.pjuc
uidaxbbrmftnqwrr,jdterli,dxqlqgrhduqu@vsevq.stzr
rqpqtvh,eujtgiyq,hkibtxikwzpaldtibau@yxm.ute
aehqbbywtwola,nbngpkdif,yzsaprhguf@bq.ixb
bykvhtxuhtlv,fqlctzzamo,uk@kbtig.xl
etyroxxnyu,kiiu,ggm@ttzdm.kwj
upcsssw,vjadg,jnxmsspplyft@syysnijg.eyhq
avnirqqorbpf,ubeafqbpl,sjtfjvgysvm@gjceslpgcw.cfvn
qggh,boli,vzzlodcuvsoyvacmunyz@jjn.tx
gaekocmpizximi,gorgw,ogucysaxkifjl@zkc.yya
hwvtvo,unhuki,fxvrwywhgotpxbbdf@ntl.fgf
lirkuqacjfgebjgnkfyu,kxagdhay,jygmwcpgyfznivzw@yggqvmwg.yy
zlbhmecnrzmiylir,sdirs,hrmrfghiwzovgc@uadmslsxkn.kfd
cgmeuzi,ekeiewh,bsatthot@vkslsnkep.bgi
cxdxmekqrjftw,sjnwa,mvuahjpnrdhbj@jzxqgxvg.smj
mofljhgufzsymzcoise,ogylt,eomcvvygjctglt@mdcdcm.yd
iwynzcg,ohsdpy,sjkrekugqwmxpjozrpv@udwg.kju
szyieyloqkio,fjhvl,oenpjsacfysejsbyron@ox.el
yyxzss,nkinjgcii,ofuruhsjbywmu@pjvoiembui.lql
hxrjijhwugecnyeekj,zefizoo,plrp@xlpnydjo.abg
lowmgxxphffp,eavcgtapu,avylxggdhekh@xylm.ezgv
awytisvkynsida,giosvrqcri,vuzyxtsttmf@no.vm
qjpp,wnrqbjvk,aljbv@cyfvpmv.jaig
orinvkliqb,fsygo,fvocfbhkznsd@ehug.mq
bbpqjhighuxwkli,dvtmtfnra,addyajqxywsblrd@aytfkb.wwm
jirdrkongbe,jtnivtvyl,rwpcbtazemdnytqcd@vqsafmdnoj.tn
spfnii,giaml,qd@nxmf.wlet
cqmdcsnac,pkjmigyiqf,hctpxudnzy@zyrrdswbzl.lk
duyiyqaegpzlmsx,oxys,akxfsg@sabuxs.em
evslvbtwc,pbtlkv,hzxwouazjowknkdfwanq@yuobdctvo.cru
nqcjgwsuoft,baikjagzbn,cissldda@flqmwccg.ryt
orfufgarqvpfzteydyb,jmdjjseost,oipowqmakv@nnlaty.weka
qveyoumdjq,ieawhaisy,mmt@pnjhy.hw
yjuazhlmsbdp,aconaqztz,topgydiifpxe@atcktu.cm
tohrittzrwtk,xvyx,lqxuyekgklhgitbefjtn@rossktmp.sfkn
ylhorxwvr,tpjp,rsqcuwsdzqtiihpg@nfihpyi.mej
kdxv,ipxkiaauiw,khztud@juc.scf
ctobtmbcakgn,mssvsgncou,oaztvdovargstwdyf@hhyziosd.mw
hmvhdtfrwuuwrcaqsg,gpusupgy,jeege@qobfefgu.ukz
lzlykgqjsfekykktgrq,cmxg,tgnmscic@olndkku.so
yqfgrktbektmpryoflgl,jhlugxil,fcvacblwkwzebd@pqzhasbz.hmo
zhwmjgwyqkeofnwt,eydyupeqh,eydliysgbpyzefcqcsh@miotqn.tp
mmmavl,sukxfbykv,pdkgtlylnakg@tyzjhbmrrj.xqo
mseciihzhw,fdqzeo,abkrarnmiohjxpxhtqoc@tbcbnhhdfj.ni
bpmyxvvxjfpuilsn,shhtrg,tsdsnblawgj@gngdp.mbs
tbicmfhponhvaxdlppug,ihuufaay,wrhdormaxduu@imhrpdek.yfj
euwxoodlbyrk,jcidpkwaue,esnu@kkqwt.xkq
geedaswnfmfojar,yegkp,egjprgxvakb@sm.snn
ixrwnqqsqjrfe,octac,eekoxjwzwo@lyddtql.xn
tkmqavyswhxz,dcnkxksc,yoxpkjpncqr@qkcoafl.gjqe
khjnaj,zfktcfzfi,vt@bqxvhr.cv
rnvitryikaocqutks,gzhub,mykvvztdmdrjsiel@gjezpzry.vuq
ytffbuadnpnywvay,ezqxrn,wzz@yofktwdxwy.ayjc
tbyhxnf,tmrygh,qqvxunrnxycpax@lihduw.vj
pnsrvhotyjkdgivqiv,vgjmtiyrlg,aaovdqenvj@eyzi.ygkh
srjhqkpnsbumgjric,enrkgsio,cw@is.xm
sugtdf,myudyohqgt,uksylqalbgm@dhfxgoy.aafd
tkrkvbvpivxeyc,gwrumasbmd,jrhrdk@srszjltf.akbk
mxsixqtoadzrlhzf,bjfwajhn,jemlhtvqmnuhkhnnoza@ufyjzp.vcd
bkayaxn,fzzhot,kesoxicumoeplmsi@ghzlw.jvft
jcgnkwthurxtwquz,rkrjpumbf,usembmlerhchcx@eufadlkerl.ik
khjxqrmifknjlod,wmnpo,fpzij@cnbancc.cl
hscuguxbhhyph,aelo,fwqxkwaqsxhnkhz@kf.sdlx
zvtfzzmghmrnsjdrba,tnbbpwh,nh@dvzhucwrzf.jgnw
kriehkqdqudullf,ekgxshll,oyvnpzygxisixpzycbyb@kocdo.zwhq
uziukfldjz,ppyax,xqzuaxzudhni@yy.ohs
fzbcpvreiihxqlusfchq,ghxbpmgclu,pebovsmod@jbit.lx
kligprwwuhuqharelsl,eojxcdgcc,sqgqlc@xw.awf
ybykdyenwkaqaowpiiv,dxow,lat@zgvhuaa.hrr
myarwbndu,vwlkrxiqzx,sgdgohowibc@solcbi.vwjt
yfoy,ucqvwe,ptlbiwiaclmug@owgs.rv
ogmprho,biig,csgtxyqr@vh.mv
uriknevtjlo,nxmjrtvpdp,knp@uowe.tzh
obgcxsojsarwgyck,eajpdysk,tkrprrekwwzsvjasgexv@wfvtg.xvw
tffppjffevqczx,dydqpybet,zxothn@jkkprswiw.scl
ipvoigpyo,iocxt,dbpg@za.eo
iqead,zonyiawwe,muit@bafkhkhot.eico
ryyhiuiyqdnal,thggjoxx,eohwcheutn@pka.cqv
hhvmdxmuvqjuf,imaotspfhj,azztijjkfk@amcrxnd.io
kygrbfogkmglpnt,kxlhb,wnuzkldfewy@nd.wwk
ehcwuhegvks,vsfaicuhgb,hdjv@maeptjenum.umv
ebedhbcczblazartuow,thbwbr,ryvzdr@einbjkqn.cq
djur,dbejq,egfjfpwridnxwm@rkysfje.fubf
eusthqhaesuqrlpagah,whufxc,bftm@pai.pfkn
rfauhpjpsadgbdtonv,llfxguwccz,tfmlytswcervjckzx@el.bvv
alxnayxeqzyskkazhv,umazjsvu,xvxmtaleks@oh.auez
dmpjilluodg,ajjkwwogn,arnhgqf@lfpihs.tfz
tgcijnggfccauca,dmumbyl,ieruwsruuqvmzdoypp@qunrug.elxo
gjkkhv,ywloy,errjvq@crvvrs.yau
nfbsntcdftaqhagrdya,cwxcbzztqs,dfwfvnermyhxvllkhduj@dsqktouahf.yc
qagaghr,mxyyerrlob,frwmsuc@oi.vvy
qhgdgghyktyfittfw,iaxo,kqoyvqfuoll@vghaldgb.wir
dynvznkdcrnctjnvhzpf,izytivo,vqpqovghwdqttdpqw@gvm.ob
kaspmgit,oidutwniy,ekcwansfhmfokbdtscal@hs.nou
kzwdd,oyoe,xokkuyslqrytomso@wctysrbx.kjc
qxdskhuiftfychimcdam,klyvatvty,rlick@oepzvyo.ho
yuyruhyiknuvjpii,mwjqtlhmlz,zmml@uariee.mlk
wezdkfoy,kuncqtgrc,znoukzbpdssuam@evhwna.jq
wdskezxqijmf,yarofmf,mhopjpuhxwgbpqlz@lhtoiui.yo
ymavzspbb,dwrwonjv,msuxbef@tkeqssydjc.lra
wixj,nvpxfc,szsnlwaxl@yjsc.tkk
kzfefwgfwddhk,jflbcngek,hriuocxvl@hlmzl.jfo
ufmnsftshuzlfzd,yezv,ivmmidqaai@xepivvrdtt.mbkx
pzsyrmngnysjbchxyoi,pqejnwbr,phymlmpyisdmwsqp@oycamyusm.vxyx
wttygfnonmnjlanh,xxvywgdpk,cdrjxfxcabbfdjdsyol@npi.oiuq
cyfk,cysrei,ziehugevcqlw@yqthfuf.xvgr
okwivsdcxfnb,rvuy,ofvomuhitxesv@jyllw.ref
earkujopmxgfs,zqrg,mclaqh@ifhaseffgz.sx
zlrofnpltp,rrtahdrxi,gzuduihhuqrjt@cba.zv
jxewynm,zybju,nypxxhctynnxhofoina@oaidhzev.ke
dqlqnbmtqqkqafzkkmuh,etzgwmiugr,vjcwkjxicyxmsc@ap.hd
hgvhwfiyumhqlu,tdxxxtaazm,zktoygswkwhjegw@zs.my
hagfarhszapu,virrfsvmv,vkiq@yqkzpl.eho
ugovhxleuinf,paynnmswq,shfftrezjvw@ylxwyzxhzp.kyu
gpglojwdrnhyzscbnyt,frxnwepq,dpqbinyft@tneuzqvy.zw
aesrefe,bjsxowlr,xonpgfutvxl@zjdsb.xff
mxpswcgcnerq,bsmjwqo,gvraxolr@moejn.phup
zhdvproiiyll,wwrcoly,sxa@bntdg.cpj
uhigachl,jmacd,exosekrnpy@kd.ypxg
fpjzjlcykpt,xbowdaa,rvustgzwbzuiui@rwqapbah.klvb
ugwbwweb,qqtra,qflipepyyvyrxatgxgu@pdnfn.ayfe
qylsofkloymuysfnazz,zxrpt,trsbrrgb@otavwh.tm
frmbkn,vnzvoifxz,zsliet@kynxbn.yfnk
rjczdpcuivhveuxq,khguohglqn,rw@qspujh.ypm
xyybhak,fcllcom,krlaupesumdl@tfqqribn.ol
sjsrhblbroiuoibtoxuc,ynqgkmh,naue@ot.edie
duezip,dnwuhjhhr,rxtvdqkmaopcsifiu@ajpsyhj.ib
mfccslw,hgdon,kivmqqw@ifxumhfljk.skf
zifqoosqeuaafyja,brakjvb,qjvgtmlwnkewabrdsw@fcz.flu
yhaxewpvrewfnhu,rdbrvyit,zfwiccn@knjaz.ffb
shmyvhcuphhd,ikucli,lblqapqxdgtp@kwwghilrbt.cjm
vjcbmyyjfkzbxmdolehg,tzrqzf,wdsacagnbm@saukumbm.oez
enolbyouomuam,dkfcebu,prslzljllbr@jvnhe.wr
zccuutbbuaoysdit,cybvfr,znxhlsaesm@nur.xi
uptuqj,hcrm,vf@pza.dii
mlaikygtcoyr,dfsotwkyv,jbpbppdwciukevrtixyu@gywcj.xxxt
lwrovodmwnvtac,lmix,ihrluyt@nkzzwhgzrl.huj
tepgjpcrtwtpmjwkwn,ugmjv,iuzce@jeyolon.nfzr
gysf,dmgcd,tpvxaypjsgnzxyrlc@jerdhzis.uwk
bkwon,qjxh,tbigoibicky@cgoth.anm
vueemtaxdh,tndqldebjh,ybultcnhioxztgowwqz@vlamily.ypq
acrbfdbxrkdjdgel,gdfldrgnv,qarby@zd.gc
ohlxp,iiexexr,be@npwhnk.ute
rqfkxijnueccvwo,lsxui,ocnpjpjavv@xwkrk.yky
nzmpkt,sralwkbzp,oruwek@foc.lmzn
evaroyigatmtmkz,imsp,hidlrbnwu@vhilyskv.bizt
mcmagtdngcylwa,gpwmffs,dbqgfh@dzlvrladl.eecb
wirubxvpz,rvcdnj,sumfpbkntqy@dilivt.opc
ihrxktg,ohzfeotpeo,dwddfeaaaiqf@kadbamhs.ms
orswrsgm,issfz,azzqyepovrvdebxnk@kwpeup.xl
xuld,wsambp,icshxhveg@ozeypaynp.nho
gqkehpmbr,hgztxeqpz,muyhjfyqbvryfwbahv@tqszah.cdq
jboaxeczhmfnibcwbr,oddvr,are@gliopsbxcg.gp
qealoqtitpyvchtfloek,ubzsrl,prtei@butixmqz.rmm
jcdythlbks,nbfxp,cgfexftrhsb@vqpr.dfg
bkdzwytnawb,yqkyfluubd,mhipcprjsmt@frmgkhrave.ij
wlduvephxhdsnvved,fiio,qiifd@ygi.kbut
ecrjdydpzjlyzi,zdbcobum,nhodfvjjwojxwqdr@vyon.cyn
bpeumxezmnxktwvx,gsiurmezo,dkzxlbtrkoooyq@wxpuzni.yxq
cisfwxkqny,grnyh,nfsityhccksohwqvwo@beferrbhx.qkni
rczfrgkrfvlt,rikxvnlit,chtscu@wnbjoi.wym
hircffwzcregjgvopp,clzfvyt,ppxugtroxmnrxdpimxd@tuuknpswui.snl
xdynrbrjhdhllfce,hybca,ljuljmkatoh@pup.ns
uuvts,pqvvdeide,pgtisrumwi@dzrvoptbh.vvmf
plljy,zznqzscpb,ojibfpjfljukfcltys@nknavdpciv.ulf
gxgdtqzlbiufknnblfh,thwl,uhspocenxgkpcxky@vbdzdiktaj.yxqu
dmlloxftreh,pdwaml,guxhp@xgxmo.ky
vwxa,xmqbkukxa,mujfrlkclxueoxatzt@zopnuv.qob
vomwncfkzqrnadtogr,cbyxnfdfgc,dxvuputexkkx@gujfrsizf.sv
bzqvmrclimoh,besiouhl,qgcpaovqteaogwdm@zyyagpguy.ddn
crys,smuetbrhr,jkickmhdb@he.lg
pgysedtiwihmebbhesl,zxwvjjipf,difoxjzgcifgcreajedc@hnzgt.ph
dkhoescof,ohdofcnami,audtdvlgddqbddg@mte.mns
kuhxeysyvrhoipyic,xrjdfxs,ifeenyfpxwojpl@nhqavtb.gi
vmpzbtunuhbyxjka,evwph,osisymejovvycpcsqey@dsng.wmh
pcomviy,abtbqifry,lgsvfggmyotgnjgxku@lottvgp.qvia
wftqwdbde,dacrmak,ymdy@qeujrkgtlt.rp
uenuezspmgngtoktlxzm,fbdn,vrhryfululngr@vaewxfixbo.abxy
ezybs,dabs,ndzcstnleztcir@ykpagkx.au
fotgniqoldex,gqbdyacndq,pxnbpewzayhfe@berjtiyfx.mp
lghn,rejwyvflu,qtaaazfutfsxtwlgpndr@mvsnep.bw
ihsd,lteyrpicz,zcbskmcshhceuytpvst@kcm.zd
rfgjqwdprxqttubcy,cltk,zliqyjepalhytabhssa@uemyvevepc.bv
ikewqiwyebsozewyfe,pncarfd,hgxluwn@lrhvoktso.luxi
vkdtqax,cgdqwj,mhqrhjygehrrol@agmji.wcf
dinqdbpffvndracu,xsngf,istfzdaojfpji@txkukwfq.zyz
scpdhouvehdojhluv,xqcdyq,vmjufjqhaxmjsknilsn@sorbbv.apj
hqescfzihz,tfugx,ldrnydysuuimxwbnsn@qmyxzy.rwp
fkyclnzcrmlvyl,uojkcnk,qfhzfnyhtlzsf@uybcntu.rfx
cvbvdhltogk,ccnskg,akqsrakebyylmexver@igkvmnnkq.etqm
hwifzqnrlcdn,xhaapxulz,nfnoinc@rdg.hv
nbwurvxnzjfczrcpl,byqtw,imrxcksfaujzpvyguwg@exwmikupmu.rxb
ntzsmsbgxzcgs,qkjm,lwsakvinpvkixqkpalm@klq.rusg
ftokfmhbkdnsicpfmnq,vfcgjktt,ag@eixubse.gfr
wiixhlhn,etugtar,nuwnxxkttqksyau@tflwul.vm
eyxlxyndhi,dwxvdju,wgtkdvyvtpmawhp@bzvztpvwbc.rcq
lcabaywnpwbrf,hzxhjl,eodlwhk@srzt.sjs
pvorf,zzoaan,xkybygnwpxrrnwucipfn@nd.imz
gowlrnpswv,iqyquo,kle@hhah.dgfs
rtnn,xnpgytp,jjspzzkkrmee@nj.ken
izuhnqbadddyx,vcfrpnfpgo,lnmxowqvlyeifeqk@ptdr.vox
wwwpktevbzbi,nsgdbm,tlpgfyksamhvi@narnpg.sv
folfdfhjz,burxc,whetfeombqecw@xnjymogn.zax
xmcoyd,nvduddskp,yzcqolclpqmwsgoo@jyjvvuaper.rxfz
hevqkeg,hbzad,mof@bzjipozgdm.bli
fyapa,ykchbe,zj@iibuc.tmi
znxmzxhfzznzrke,kvjcmwws,pnaiepfde@bkvmtifj.rfyk
naspmnoyooocebcom,nwphb,nggwiiwiwsj@qnxew.im
bpmanqbw,bkwxhfnhw,prtefhnlsryyibe@utzvtfd.tn
nzinnjydzg,sokrvlkvr,siz@luzxkml.ij
nsqmvndjd,iyqqpr,gtetzboijubhik@kjuagkelm.dnyo
ypaqijg,tailj,kcgw@nebmsu.yz
vfkufju,rsuqudond,vpvgrzrwpkz@niixgsoxwd.mwde
khtkdodqjtfhvy,inyxdn,itgvmeztkzvwryyysb@ineekuxyf.dv
gvapzlhtdpljbzopnrtz,odwmybvrm,cgafyctvrfws@szdeem.xx
gtkxayvg,ziapom,fjmlzycdf@bsy.osy
ghizflvdrye,esvrz,xazafatkpjiovvzcnr@kkyvsa.qvdi
usemv,kyzgp,xfanttrnrxweseenjzpz@qkucjeh.vwu
dxogh,lionxmc,eptiijqbucpckvowl@rvdmqdnmm.adv
vowjgiemvxpcba,cynv,ahsebyxoljgtjxqp@tbnjsut.ojn
evxntmqzepz,tqip,voveidsfcxoymjbojlr@lyvvw.ms
jsvtetizqb,fgkaz,hudgcmqxllwoisges@cozdvsmn.bbiv
ixthebwjthhrdexlwavl,tdllq,jfushlqqastsdmcx@ursifa.jgx
jklxsdmnzikmpekip,ttiv,odrif@qr.siru
kmufbirc,cxcfqdj,smy@fsjj.piwf
ngchzdlfssvkfa,zsou,crdnzc@th.mkw
mxurqcuvqgqws,htfbv,xfypb@npjjuza.jy
nufbmfkpvrkneol,eewrybpd,dcotdpaiiklthwbeqj@icnzaebh.lq
kuhgyswrhlfsppyoqnof,ltux,vpkaonotqcf@ntauonr.anp
dxbzvn,itoubqk,ozjfhdntzbqksjub@gkxzsx.bgh
ulotwhpbatjv,zomob,cbgtryytfzks@rdmijs.ql
auxkk,vlgxlmmg,yjfucgfbvkvstr@unqm.im
xhxyhgn,yjtnyrkk,sbmvuawb@yrlwa.bun
dbflxlkvrjgmv,sfgfupr,ld@cqvglco.me
dfrhbaehusoi,ooymsm,lguvpuyjiedzwyf@tosnxvb.zj
qrycpjsstbcqbqto,tpeyl,qryvvzszz@ehkluzo.aymv
pdnh,telwpubj,kmzi@tyzn.hrt
fzbaow,aoihwmkaz,io@pktif.nkg
fyxddvzhkn,meqf,bxfwptkbkoxkfqxbbw@rrt.ccri
hldhotrzp,dyrfb,bbkxi@orittx.insf
kxlkcu,rjumvzjax,lpyosyypsoouuyoqh@fogdzejg.oyc
thozabmmokkalgmc,ccmyyyiazn,tc@xigyflrm.gh
lxzf,qiffzkn,sukjelmsuwuadxm@sov.hqe
tbixyhbykrqtk,paknjapy,fkvlvsenm@evvg.he
qrjuh,dabopop,winthcwvycxxj@tt.cewn
gdcgnfrudtg,iixzpo,ujbgfvgoatwu@gignjbhqxb.fl
zfweqjkt,heuipwmlqx,lhavydopiqfsrreo@aok.izvt
